9c297364-f568-45d4-b41d-2e54c123fe42,53,29.11,109.6,54.86341261018499,54.73658738981501,2025-10-22 21:49:26
7f367afc-06e3-4c52-9953-85117f9c2fd8,75,21.86,147.6,41.82316232191899,105.776837678081,2025-10-22 21:49:27
c1ce8a75-787a-42ae-8090-5f42ac322985,57,13.84,25.77,27.397947520278535,1.6279475202785356,2025-10-22 21:49:28
c9201e68-a678-4784-8b87-d5d14f7a897a,40,45.22,92.86,83.83974807831812,9.020251921681876,2025-10-22 21:49:29
864e18f5-8015-40b5-81c0-5781421537d7,64,22.05,63.76,42.164906812232175,21.595093187767823,2025-10-22 21:49:30
2dd27b41-f3fe-4d12-ae74-7eceef53cef0,3,13.12,107.76,26.10291576751281,81.6570842324872,2025-10-22 21:49:31
854a8e16-56f0-4730-bc82-d64253396570,19,22.08,69.1,42.218866468597405,26.88113353140259,2025-10-22 21:49:32
6cd683d0-c9c1-4795-933b-d34dd115f638,2,48.8,44.42,90.27893373790326,45.85893373790326,2025-10-22 21:49:33
a50116ae-8368-415b-ad30-dbe0128adbd8,76,24.97,19.04,47.41698003178206,28.37698003178206,2025-10-22 21:49:34
adb45c70-1ebb-4a54-b30a-ebaac4b12d93,12,27.78,148.81,52.47120117799275,96.33879882200725,2025-10-22 21:49:35
989b6372-6f20-4220-85ca-7181f01a0b2f,77,11.77,52.09,23.67473123107707,28.41526876892293,2025-10-22 21:49:36
8cad5d2e-0a0c-40f9-b29b-3799c2e4271b,10,43.51,110.1,80.76404766549952,29.335952334500476,2025-10-22 21:49:37
71dbf992-4730-42d8-93bb-e4680b061c81,55,36.42,95.92,68.01158221118146,27.90841778881854,2025-10-22 21:49:38
26a7407f-d533-4956-ae3e-1102431d406f,63,25.48,116.96,48.33429418999112,68.62570581000887,2025-10-22 21:49:39
ccca2ea8-90f2-4505-aa50-43cd0b0dfed4,81,18.09,139.91,35.042232172020675,104.86776782797932,2025-10-22 21:49:40
7eff2441-e2e7-4bce-b35b-1a2b51336908,99,11.24,135.66,22.721443968624524,112.93855603137547,2025-10-22 21:49:41
4d8280ad-d6b3-448f-a0e9-e4c9a549fda1,31,32.34,144.91,60.67306894550902,84.23693105449098,2025-10-22 21:49:42
899b8cca-a212-4fda-87f1-034734058d08,36,6.16,15.32,13.584275490777454,1.7357245092225462,2025-10-22 21:49:43
44d8a4a3-4656-438b-b064-f3e9e97709c6,28,17.0,137.31,33.081697990750335,104.22830200924966,2025-10-22 21:49:44
3a153a2c-1f87-4a86-904b-8c6becaaa3b5,95,18.64,52.58,36.03149253871672,16.54850746128328,2025-10-22 21:49:45
2f396629-a524-4a60-a19f-36242cc9e501,52,34.62,27.02,64.77400282926713,37.75400282926714,2025-10-22 21:49:46
ceb64a89-36df-4874-b5db-72e8e30457a4,23,4.56,24.93,10.70642715129806,14.22357284870194,2025-10-22 21:49:47
eaf262c7-1be4-4933-9318-e3666d0af4bb,15,18.13,114.96,35.11417838050766,79.84582161949234,2025-10-22 21:49:48
cac9382a-5f39-4381-8c0a-c32a6c892d02,5,35.41,140.54,66.19494044688508,74.34505955311491,2025-10-22 21:49:49
06fd1e02-9b11-481c-b4fb-5d59ad5c8130,51,35.98,13.68,67.22017391782462,53.540173917824625,2025-10-22 21:49:50
c00c9382-25d7-42b4-8643-75186478f504,86,17.52,149.03,34.01699870108114,115.01300129891885,2025-10-22 21:49:51
ac1684a8-d6c9-4e5a-a822-f3b5d7526b00,45,27.96,106.08,52.79495911618418,53.28504088381582,2025-10-22 21:49:52
77fbe283-6f21-4d38-bab7-4c73007bef75,76,32.86,10.65,61.608369655839816,50.95836965583982,2025-10-22 21:49:53
28a87524-7ce5-4b63-be7e-c6fe3b0ce798,85,30.34,83.61,57.07575852115977,26.53424147884023,2025-10-22 21:49:54
143461b9-9f4d-45fd-8778-a33f1cf35646,62,31.58,134.71,59.3060909842563,75.40390901574371,2025-10-22 21:49:55
52a2a54d-6b7f-42c2-bea3-543ca7e9a38e,3,36.39,102.83,67.95762255481623,34.87237744518377,2025-10-22 21:49:56
3eba4d34-d481-4e19-aa6f-2c50b0dc6522,11,46.5,128.01,86.14202674990163,41.86797325009836,2025-10-22 21:49:57
be9a2e8e-e987-4da1-9234-cf2bedda28b6,98,18.22,47.23,35.27605734960338,11.95394265039662,2025-10-22 21:49:58
b43c5c0a-8c29-4422-aedb-71b8b6efb9b8,37,13.18,30.32,26.210835080243285,4.109164919756715,2025-10-22 21:49:59
a5e3feb6-50ad-4d77-a9f2-63577ab6fdf2,88,18.99,78.36,36.66102186297783,41.698978137022166,2025-10-22 21:50:00
714a08a5-9496-4615-bcf0-a0711bc335b7,52,43.02,117.55,79.88270661153396,37.667293388466035,2025-10-22 21:50:01
ec7109bb-d25e-4b8a-bb78-a89381752902,46,1.94,145.95,5.993950495400556,139.95604950459943,2025-10-22 21:50:02
95fd40c6-4b9a-430d-b068-81312ae9fe60,90,33.47,98.15,62.70554933526633,35.44445066473367,2025-10-22 21:50:03
8558577d-8e8b-4e4f-bc5b-9792ed4f83cc,45,21.88,63.41,41.85913542616248,21.550864573837515,2025-10-22 21:50:04
c90b2a66-2602-44ec-bbed-16ea8c7d988d,14,34.87,149.24,65.2236666323108,84.01633336768921,2025-10-22 21:50:05
2f9d1279-6160-492f-aeb2-fb8446f5f3eb,16,13.14,101.14,26.138888871756304,75.00111112824369,2025-10-22 21:50:06
c874bc42-3cda-465d-8a7f-fe1a7a0f1378,13,39.4,77.59,73.37157474346184,4.218425256538168,2025-10-22 21:50:07
4ff9f330-e3dc-4943-9be9-d1491576672c,1,30.68,5.2,57.68730129329914,52.48730129329914,2025-10-22 21:50:08
05a621ef-2590-4335-aa50-b1631d4f41ac,43,37.59,35.73,70.11600880942578,34.38600880942578,2025-10-22 21:50:09
3fae7880-c0b9-48b6-9565-d51a49253c8b,47,45.14,71.06,83.69585566134415,12.635855661344152,2025-10-22 21:50:10
cfed4e20-1cf3-49ba-9b8e-b6226d0da86a,70,33.84,43.7,63.37105176377095,19.671051763770947,2025-10-22 21:50:11
1be79630-e9e3-4292-8f06-adc934a7de2a,22,32.86,84.57,61.608369655839816,22.961630344160177,2025-10-22 21:50:12
6398cf7b-9225-421f-b4e0-d370bd4750d8,48,14.47,149.23,28.53110030394855,120.69889969605144,2025-10-22 21:50:13
04fc498f-19c0-4fc0-a690-9bd18a57d386,41,22.75,18.1,43.4239654607544,25.3239654607544,2025-10-22 21:50:14
7a2ac4b0-ea20-4082-a968-716c6996bdfc,8,44.14,63.19,81.89720044916953,18.707200449169534,2025-10-22 21:50:15
54cad435-5a56-4f51-957f-18c21e3ea9cb,69,13.62,75.82,27.00224337360012,48.81775662639987,2025-10-22 21:50:16
55e3221d-9196-42e5-bf06-a65786465ce9,66,16.69,148.34,32.524114874976206,115.8158851250238,2025-10-22 21:50:17
6d68c68d-5a4c-40f2-bcdc-1c78fb0e791e,98,31.94,75.25,59.95360686063917,15.29639313936083,2025-10-22 21:50:18
69643c46-c815-46e5-98b0-579ff6b605cc,36,15.4,57.63,30.203849651270943,27.42615034872906,2025-10-22 21:50:19
56b65074-8b9c-4feb-bdc7-7f4ba783df0c,72,8.4,73.64,17.613263166048604,56.0267368339514,2025-10-22 21:50:20
0d952732-5f0c-42b5-bd26-eb5fbb989559,44,5.14,54.07,11.74964717435934,42.32035282564066,2025-10-22 21:50:21
69b3f7ae-4fff-45a5-b68c-d9b571c611e4,21,24.33,8.67,46.265840695990306,37.595840695990304,2025-10-22 21:50:22
c62a4f9c-1ed9-4c5e-8231-c36a7705fa0e,65,43.4,63.73,80.56619559216031,16.836195592160315,2025-10-22 21:50:23
26668b3d-489d-4647-8971-187d3d3a706f,77,11.73,13.69,23.602785022590087,9.912785022590088,2025-10-22 21:50:24
6324d2f9-77d1-4de1-87ba-1d2e03d59986,64,23.12,147.19,44.08946788925902,103.10053211074097,2025-10-22 21:50:25
a80c0350-b333-484e-8dcd-0041ec52457f,94,3.72,134.93,9.195556773071381,125.73444322692862,2025-10-22 21:50:26
ba5405a0-9f7d-42fa-b802-da58835f39f6,93,23.85,66.0,45.40248619414649,20.59751380585351,2025-10-22 21:50:27
6b6bf8a3-84f7-4358-99f8-2ec575b7c32b,81,23.88,11.42,45.45644585051173,34.036445850511726,2025-10-22 21:50:28
79f4f6c8-a96c-4a70-b81a-258538341b19,77,43.73,5.33,81.15975181217793,75.82975181217793,2025-10-22 21:50:29
bf2711aa-4713-4c77-8e9a-63f9936e533f,17,37.06,45.2,69.16272154697323,23.962721546973228,2025-10-22 21:50:30
104c1aa3-6702-4c64-b5cd-545a396920f2,87,6.8,15.48,14.73541482656921,0.7445851734307904,2025-10-22 21:50:31
c6405782-86be-4a2b-a42a-9b8022fa636a,3,36.23,46.93,67.66983772086829,20.739837720868287,2025-10-22 21:50:32
e21de5f1-9a5f-4185-8df8-1508cd7359e9,73,31.25,91.03,58.712534764238676,32.317465235761325,2025-10-22 21:50:33
852861d0-f420-413f-98f9-ac05deec425f,11,20.79,142.83,39.89860124489215,102.93139875510786,2025-10-22 21:50:34
3b72e3b4-50f9-4371-bb41-33599d909ac4,84,35.16,134.43,65.74527664384144,68.68472335615857,2025-10-22 21:50:35
db5c7c28-0801-457c-a306-678146fb984e,46,47.05,148.83,87.13128711659768,61.69871288340234,2025-10-22 21:50:36
0647d366-03c4-40c3-829b-fa2d735f21de,82,44.53,31.74,82.59867598191764,50.85867598191764,2025-10-22 21:50:37
bedd65b5-6450-4114-9db1-996d0d475587,82,17.64,81.3,34.232837326542096,47.0671626734579,2025-10-22 21:50:38
c4461f8b-2d15-4934-8648-6c851a8e3de7,12,6.99,99.93,15.077159316882389,84.85284068311762,2025-10-22 21:50:39
97b3cd6f-194b-4fb7-9ee2-f6b23f4a2ff7,14,1.12,64.27,4.5190532214173675,59.75094677858263,2025-10-22 21:50:40
dd7e4cd0-bb40-4352-b4f2-c12f76952d54,95,2.22,25.2,6.49757395480945,18.70242604519055,2025-10-22 21:50:41
0c1a3e82-183a-4b0f-a4ad-bfea44b28215,37,17.48,34.59,33.94505249259416,0.6449475074058455,2025-10-22 21:50:42
233edb0e-9595-4ddb-b87a-9fa5079702eb,21,34.28,89.23,64.16246005712777,25.06753994287223,2025-10-22 21:50:43
a63d5b0b-4e16-4a89-9a17-42242206243b,3,31.85,129.37,59.79172789154345,69.57827210845656,2025-10-22 21:50:44
79818f34-d8b7-436b-8c6c-e66c7164420a,84,8.67,148.52,18.098900073335752,130.42109992666425,2025-10-22 21:50:45
aa3541ac-d421-40bc-843b-126e372e6261,35,23.96,127.02,45.6003382674857,81.4196617325143,2025-10-22 21:50:46
c0aa307d-9fb1-4c38-93f5-e23ad1646c61,79,24.52,76.16,46.60758518630348,29.552414813696515,2025-10-22 21:50:47
940b2cf6-849e-46a3-8d54-0b7cf1755b4f,36,9.7,73.16,19.951514941875608,53.20848505812439,2025-10-22 21:50:48
1e4db171-a201-4132-9de7-0132fed6bcfd,79,29.88,18.63,56.24837712355944,37.61837712355944,2025-10-22 21:50:49
c15c9f2e-f89b-4a30-b2c8-30c286442f65,25,2.86,135.24,7.648713290601206,127.5912867093988,2025-10-22 21:50:50
b3a5857a-02f9-4b6c-be5f-fc3bde165e61,95,34.14,120.48,63.91064832742333,56.56935167257667,2025-10-22 21:50:51
f0b62804-22b9-4638-8ee6-7b22b642a6fa,81,34.83,118.04,65.15172042382382,52.88827957617619,2025-10-22 21:50:52
26250985-bcae-4aa0-8b37-ee33bd2d6fb0,93,37.25,118.71,69.5044660372864,49.20553396271359,2025-10-22 21:50:53
7dc9abd4-15a8-49ff-9b55-786278729eb5,21,11.55,9.4,23.279027084398656,13.879027084398656,2025-10-22 21:50:54
a4578630-4bab-4035-8bba-9172dec7783f,19,30.39,27.73,57.1656912817685,29.435691281768502,2025-10-22 21:50:55
67e8e761-07fa-42db-9ae9-4978760e906a,95,5.11,47.01,11.695687517994102,35.314312482005896,2025-10-22 21:50:56
5ad49171-5642-4e33-9997-d24f268a4630,25,20.1,26.17,38.65752914849166,12.48752914849166,2025-10-22 21:50:57
1151d503-78b9-4cf8-bd6a-104334a1801f,45,21.24,138.29,40.70799609037073,97.58200390962926,2025-10-22 21:50:58
93c257ef-8ed2-4631-88b5-4d52eb4d3cd9,51,40.33,80.44,75.04432409078423,5.395675909215768,2025-10-22 21:50:59
b13c9c53-15d8-4ea4-af9e-5bde9f41efd7,98,34.55,102.06,64.64809696441492,37.411903035585084,2025-10-22 21:51:00
ca7d827d-690a-42a3-a82d-b47fdaafce07,60,26.63,9.64,50.40274768399193,40.76274768399193,2025-10-22 21:51:01
1ec0fde5-466d-462c-a145-1e2d30b0c006,35,18.76,125.43,36.24733116417767,89.18266883582234,2025-10-22 21:51:02
b3699ee4-07ec-4ee4-b5c6-8cfc6a74673a,37,48.59,6.62,89.9012161433466,83.2812161433466,2025-10-22 21:51:03
3d230628-3e11-4e1a-98b0-03c0cdfee639,74,14.08,66.41,27.829624771200447,38.580375228799554,2025-10-22 21:51:04
031e3bae-beae-4bb8-a486-5e345223d5a7,52,47.2,99.91,87.40108539842387,12.508914601576123,2025-10-22 21:51:05
9baca0dd-725b-4127-b9be-4858c807f1b9,36,45.8,66.53,84.88296810137939,18.35296810137939,2025-10-22 21:51:06
7dedb7c1-16a9-4fb9-b216-5b494e277363,21,4.05,92.33,9.789112993089004,82.54088700691099,2025-10-22 21:51:07
9729cfc5-2402-42fa-8ac3-e2ccb58fb434,76,39.89,106.56,74.25291579742739,32.30708420257261,2025-10-22 21:51:08
60095775-2cbb-4ba9-a75c-c0b0f7eba306,25,3.3,141.4,8.440121583958039,132.95987841604196,2025-10-22 21:51:09
f1321855-f230-4f2c-9234-e58a137b4ec5,100,7.0,7.88,15.095145869004135,7.215145869004135,2025-10-22 21:51:10
fbe3f8e9-ce11-4889-b4a2-623222e7fa4b,97,31.01,85.46,58.280857513316775,27.17914248668322,2025-10-22 21:51:11
f8150d45-3971-4699-bdb1-96b1592ab0b9,83,24.49,67.77,46.553625529938245,21.21637447006175,2025-10-22 21:51:12
5271a0fe-b62b-4a88-8a68-9acb5b452aa1,67,48.41,45.03,89.57745820515515,44.54745820515515,2025-10-22 21:51:13
c388d61b-6fb0-4ccd-a1fa-2cf65add732c,53,40.61,17.12,75.54794755019311,58.42794755019311,2025-10-22 21:51:14
e91dc0e8-44a6-4d7e-8853-0de01846dffe,22,2.25,110.11,6.551533611174689,103.55846638882531,2025-10-22 21:51:15
8387c558-5673-43e1-af6a-b391a6a159bc,63,47.61,132.0,88.13853403541546,43.86146596458454,2025-10-22 21:51:16
c67c78c9-477b-44b7-922f-24e130804d0a,4,41.87,111.51,77.81425311753314,33.695746882466864,2025-10-22 21:51:17
1f24ca2f-e539-430c-a8f2-1861ec4b28f5,42,2.29,86.82,6.623479819661673,80.19652018033833,2025-10-22 21:51:18
168a6f47-ef93-4641-a60e-c289050f68df,32,11.16,42.44,22.577551551650554,19.862448448349443,2025-10-22 21:51:19
4e316326-c1dc-42ff-a7f4-e8a74bd07659,74,9.89,42.43,20.293259432188787,22.136740567811213,2025-10-22 21:51:20
b0b99a95-316f-4abf-8a75-3be9cb61dc0d,49,17.92,15.78,34.736460785950996,18.956460785950995,2025-10-22 21:51:21
d051d154-4815-44ea-85b2-bdaa894a93b4,15,43.8,127.05,81.28565767703016,45.76434232296984,2025-10-22 21:51:22
344af203-ed00-4891-8742-2e7c6e1918e4,100,9.81,27.52,20.149367015214818,7.370632984785182,2025-10-22 21:51:23
50ef3cda-64be-4b0d-b3ea-bc2a83a4b404,53,20.12,143.82,38.69350225273516,105.12649774726484,2025-10-22 21:51:24
d1f314d1-1356-4cd4-aac5-ed1b4b9d15f2,21,28.34,122.12,53.47844809681053,68.64155190318948,2025-10-22 21:51:25
fb35e99e-4bf4-4494-8a52-c6adfd35deb4,65,24.14,59.71,45.92409620567713,13.78590379432287,2025-10-22 21:51:26
e29aa7f1-95b7-43c9-bfa1-fa241b8c0d87,11,31.32,132.23,58.838440629090904,73.39155937090908,2025-10-22 21:51:27
a3d1d45c-791a-41fa-8bc1-1e3470841ab0,95,2.91,95.63,7.738646051209939,87.89135394879006,2025-10-22 21:51:28
c3895373-19d9-4d63-915c-2536aec01915,75,25.25,60.16,47.92060349119096,12.239396508809037,2025-10-22 21:51:29
a25d8f38-aac6-44c0-aa83-1593576f799e,49,49.44,98.95,91.43007307369501,7.51992692630499,2025-10-22 21:51:30
2a706be4-acb1-4f41-823d-0c6fd67677ea,24,37.01,73.33,69.07278878636448,4.2572112136355145,2025-10-22 21:51:31
cc138ca2-c2d1-464a-b4ce-18910a76838d,45,20.38,25.91,39.161152607900554,13.251152607900554,2025-10-22 21:51:32
c039f116-dcbd-4c50-ae25-be0dc05b2b08,13,48.94,42.5,90.5307454676077,48.0307454676077,2025-10-22 21:51:33
9da7945d-0ce7-480d-82a6-6be8a95f7816,43,11.05,41.7,22.37969947831135,19.320300521688655,2025-10-22 21:51:34
5f4bb509-aeef-4d27-8bb1-a87953292b4c,91,44.09,72.69,81.80726768856081,9.117267688560815,2025-10-22 21:51:35
6d820b04-4339-4ba8-ae52-69deff0ea7e0,93,30.92,66.62,58.11897854422106,8.501021455778947,2025-10-22 21:51:36
0f081bed-3573-4876-b79c-ac54c80b84af,96,7.51,101.6,16.01246002721319,85.5875399727868,2025-10-22 21:51:37
e5db1220-562f-480a-bbea-d625a27b7e98,94,21.35,83.35,40.90584816370994,42.444151836290054,2025-10-22 21:51:38
a8dd9814-edef-4236-987d-1e7001f3d8d4,14,45.89,24.76,85.04484707047511,60.28484707047511,2025-10-22 21:51:39
43814343-8442-4437-80bd-cb8eccd9b188,59,30.25,75.94,56.91387955206406,19.026120447935938,2025-10-22 21:51:40
0c2b7d93-bc58-47b6-a5ab-afbcbd606e7c,99,5.28,45.07,12.001458904063787,33.06854109593621,2025-10-22 21:51:41
5cb61e17-c751-400c-b5a5-b6ba55c508e1,57,8.08,82.61,17.037693498152723,65.57230650184728,2025-10-22 21:51:42
ae9c3421-a3a9-474c-b27a-7378e9cedd1c,31,42.74,31.14,79.37908315212506,48.23908315212506,2025-10-22 21:51:43
06e09b57-166b-4add-8e04-8c524bdd4932,85,40.25,137.3,74.90043167381026,62.39956832618975,2025-10-22 21:51:44
f8933d02-6933-4831-804b-cb0450c47053,62,38.58,132.59,71.89667746947865,60.69332253052136,2025-10-22 21:51:45
89c96221-5369-4c6e-be4c-def02dc81bf7,61,22.86,16.34,43.621817534093616,27.281817534093616,2025-10-22 21:51:46
90897a44-b830-4d4e-b990-0f7a9ac49c06,92,19.8,23.71,38.11793258483928,14.40793258483928,2025-10-22 21:51:47
eaaea0c0-ca7b-4719-9760-21e1835a1f6b,61,16.49,60.69,32.164383832541276,28.525616167458722,2025-10-22 21:51:48
58a259e2-7e65-428d-be9d-a9b8bc2334eb,99,44.41,61.42,82.38283735645668,20.962837356456674,2025-10-22 21:51:49
41d1ff9d-219d-4480-8e08-9022e7cf377b,13,29.21,144.77,55.04327813140245,89.72672186859756,2025-10-22 21:51:50
dbc9e4a7-ad39-4432-9548-d2d02168f6bf,90,17.41,121.95,33.81914662774193,88.13085337225807,2025-10-22 21:51:51
81ebe91d-31a7-4aa0-9e82-ff043e7a405e,19,25.16,140.43,47.75872452209524,92.67127547790477,2025-10-22 21:51:52
e6714c74-d494-42b1-bd02-aef04d78bd56,12,7.91,64.34,16.73192211208304,47.60807788791696,2025-10-22 21:51:53
dff2d274-7b8a-4b93-9451-a708451b61be,41,6.9,143.54,14.915280347786673,128.62471965221332,2025-10-22 21:51:54
0490b840-83a8-45a6-8e6d-8f60ee6ca4dd,14,39.4,47.03,73.37157474346184,26.341574743461834,2025-10-22 21:51:55
5179f0ea-c517-436b-9a2b-3d2bf986a50c,49,47.63,138.12,88.17450713965896,49.94549286034105,2025-10-22 21:51:56
33a724ae-47c9-49de-a7fb-19f29def8026,98,48.14,91.4,89.09182129786801,2.308178702131997,2025-10-22 21:51:57
8714d0c2-1f6a-4422-99e1-528c29e7a352,82,41.17,91.81,76.55519446901091,15.254805530989088,2025-10-22 21:51:58
1071dce2-fa8b-4abe-a2e3-d1c6821f9aaa,78,30.0,62.65,56.464215749020404,6.185784250979594,2025-10-22 21:51:59
101a8fc5-79b2-4e09-bfc5-11b09fe1a4e5,88,17.42,50.99,33.837133179863685,17.152866820136317,2025-10-22 21:52:00
d8dfc5d4-d0e5-4222-aa17-a25edabb2766,64,18.46,121.25,35.707734600525285,85.54226539947472,2025-10-22 21:52:01
410b336c-125b-4c48-b2d6-b028a94b4d67,51,15.83,41.09,30.97727139250603,10.112728607493974,2025-10-22 21:52:02
cd96528b-e72c-446c-b557-3bd8abaee43e,92,4.78,139.1,11.102131297976477,127.99786870202351,2025-10-22 21:52:03
af3e0383-05e1-4541-979d-c0e57592d9d2,38,25.24,27.34,47.902616939069205,20.562616939069205,2025-10-22 21:52:04
b5ad74be-c224-41df-b568-3d2db8b479c9,12,20.37,54.19,39.14316605577881,15.046833944221184,2025-10-22 21:52:05
f6fc117f-d1ed-4e3f-833a-09582b1f6151,36,14.9,77.43,29.304522045183635,48.125477954816375,2025-10-22 21:52:06
d881c4c4-ed5e-4a14-9df1-c823ec4aa47c,31,15.9,65.46,31.103177257358254,34.35682274264174,2025-10-22 21:52:07
1312ab00-4ee5-430a-bc60-d45387869783,6,43.44,33.27,80.63814180064729,47.36814180064729,2025-10-22 21:52:08
1061de1c-c2fd-46cd-9117-127b7ef40561,15,39.68,107.08,73.87519820287072,33.20480179712928,2025-10-22 21:52:09
90751750-3082-4e35-b130-868785661517,19,5.66,71.47,12.684947884690143,58.78505211530985,2025-10-22 21:52:10
f54c4221-13c8-498c-8c0b-a65e23c72fcd,88,40.66,57.65,75.63788031080185,17.98788031080185,2025-10-22 21:52:11
a2a33bed-59cd-4b76-9d34-a7eecad5e4b1,93,38.68,39.63,72.07654299069611,32.44654299069611,2025-10-22 21:52:12
451e9a04-99d2-4d8f-8f21-c00834f86d2a,83,24.77,136.37,47.05724898934714,89.31275101065287,2025-10-22 21:52:13
f5727ba6-4e10-4120-8cce-aad085a42d89,78,34.52,139.69,64.59413730804968,75.09586269195032,2025-10-22 21:52:14
9ae694ee-e298-442b-a9c9-6ff418d1cd26,92,30.41,123.9,57.201664386012,66.69833561398801,2025-10-22 21:52:15
6e4545d7-ec8e-4ec2-9a56-67ece3bf4640,8,4.29,54.12,10.220790244010914,43.899209755989084,2025-10-22 21:52:16
ff0ef2e6-2e2e-4e17-8d7a-3dadc9638075,76,29.09,91.88,54.8274395059415,37.0525604940585,2025-10-22 21:52:17
29e78e92-e9f1-4461-9261-5f644d5ff09a,26,35.57,21.81,66.48272528083304,44.672725280833035,2025-10-22 21:52:18
48d11912-0807-4917-b2d9-cc7693b9e8fc,62,19.11,45.71,36.87686048843879,8.833139511561214,2025-10-22 21:52:19
19a10e43-82bc-457d-bc69-850df9e9ef67,78,32.15,99.83,60.33132445519583,39.498675544804165,2025-10-22 21:52:20
28080387-15c5-4f84-89ae-6f3ad3e6991c,91,30.65,28.76,57.633341636933906,28.873341636933905,2025-10-22 21:52:21
3eb4a0a6-9d83-4db7-815b-24ca94d0457f,22,25.66,149.05,48.658052128182554,100.39194787181745,2025-10-22 21:52:22
b500d8d1-9a6a-4112-85ec-d07a7ecfdc8c,71,27.42,101.55,51.823685301609885,49.72631469839011,2025-10-22 21:52:23
88c8b7b3-27b2-430f-9fb0-a36442ba13fb,52,46.13,33.7,85.47652432139704,51.776524321397034,2025-10-22 21:52:24
968aaebd-f814-46a8-ab68-73c83e7c534f,92,28.43,40.63,53.64032706590625,13.010327065906246,2025-10-22 21:52:25
a9253481-21d8-4979-8067-c060e3e8a068,73,43.86,28.02,81.39357698976063,53.373576989760636,2025-10-22 21:52:26
1ee78aed-b953-487b-94a7-9ef8fe0aaaf5,41,49.64,145.5,91.78980411612994,53.71019588387006,2025-10-22 21:52:27
943efe23-396f-44fc-8348-5402a02cc83c,89,14.91,30.96,29.32250859730538,1.6374914026946215,2025-10-22 21:52:28
2cb3105f-2dd6-4364-93ca-083d19ef427f,89,6.53,123.0,14.249777919282064,108.75022208071793,2025-10-22 21:52:29
b6655eac-56a9-4ffc-9204-4c1a2f2f47f6,65,47.12,86.34,87.25719298144989,0.9171929814498867,2025-10-22 21:52:30
5ffaf042-2407-4026-a7b7-b7077b85e9d9,39,47.72,66.7,88.33638610875467,21.636386108754664,2025-10-22 21:52:31
b9f022dc-c293-43cd-bc58-4d8d934f4e8c,25,26.3,104.22,49.80919146397431,54.41080853602569,2025-10-22 21:52:32
5656dad8-c9a4-4289-8767-cb63211234e2,10,42.94,122.24,79.73881419455998,42.50118580544002,2025-10-22 21:52:33
6cf4a7fa-71cd-4cc8-829f-132418c5abd1,84,23.92,131.5,45.52839205899871,85.97160794100128,2025-10-22 21:52:34
74da14b8-fc53-48c9-a72b-17dfec545f4d,22,20.38,41.39,39.161152607900554,2.2288473920994463,2025-10-22 21:52:35
37e96727-41ed-483f-9c09-e2a854d18447,27,4.43,68.99,10.47260197371536,58.51739802628464,2025-10-22 21:52:36
fc125a06-4956-4304-af85-e35e36611d96,36,36.35,111.57,67.88567634632925,43.684323653670745,2025-10-22 21:52:37
17f5d680-08ed-4978-824f-4fb44126fcf9,73,3.21,47.2,8.278242614862323,38.92175738513768,2025-10-22 21:52:38
d4a60bc9-52eb-4655-8744-483c017c4890,17,43.21,131.19,80.22445110184714,50.96554889815286,2025-10-22 21:52:39
992a118f-2770-458f-a4d8-946f3d5360b9,9,24.27,36.51,46.157921383259826,9.647921383259828,2025-10-22 21:52:40
8e547615-9f79-4d6a-975e-c86ffb7bec0c,66,19.0,123.07,36.67900841509958,86.3909915849004,2025-10-22 21:52:41
55b60a9c-9822-4c61-afde-4cf1e4aaba28,9,3.77,76.18,9.285489533680112,66.8945104663199,2025-10-22 21:52:42
55f3a2b3-0813-45f1-8b49-d35aabe02499,37,26.07,84.78,49.39550076517415,35.38449923482585,2025-10-22 21:52:43
ed9f6f2c-a43c-468e-b8f3-e8a432a75fe7,20,32.08,17.22,60.20541859034361,42.98541859034361,2025-10-22 21:52:44
08cbbe30-0b1b-4c27-99ad-aa84e10f3c41,30,35.9,83.17,67.07628150085065,16.093718499149347,2025-10-22 21:52:45
01e66a6c-0b22-4b3e-9417-405d7b47702f,59,20.81,119.37,39.93457434913564,79.43542565086437,2025-10-22 21:52:46
764cbf7e-1151-4190-8ab8-b5c3164fce13,11,31.77,50.9,59.647835474569476,8.747835474569477,2025-10-22 21:52:47
1b63b69c-6625-46b1-a185-aea1cbf64f32,50,13.56,35.59,26.894324060869643,8.69567593913036,2025-10-22 21:52:48
61bf2a2e-173a-4227-8567-3412c2c0a730,46,10.63,125.3,21.624264289198006,103.67573571080199,2025-10-22 21:52:49
4f5474a1-48b6-4ad4-91e5-267c34e035bb,40,15.68,28.59,30.707473110679835,2.1174731106798355,2025-10-22 21:52:50
19470a7c-0886-437d-b667-e024edbae969,42,38.53,102.71,71.80674470886991,30.90325529113008,2025-10-22 21:52:51
5d3bee9f-0c14-4b22-baa7-334ec17d6f2a,48,42.03,5.08,78.10203795148108,73.02203795148108,2025-10-22 21:52:52
c8dde3c4-8b19-4480-b6c3-2997fb7f2435,48,16.05,5.03,31.37297553918445,26.342975539184447,2025-10-22 21:52:53
162688d2-7a4c-4dff-adc7-702d09cc4a18,93,7.55,84.77,16.084406235700175,68.68559376429982,2025-10-22 21:52:54
6ec8b6a0-adf3-4cb4-92cf-0872d1cd3c9e,21,9.47,61.51,19.53782424307545,41.97217575692455,2025-10-22 21:52:55
04fd4774-d19e-4a35-acf1-e5efa643a93a,12,20.98,43.85,40.24034573520533,3.6096542647946706,2025-10-22 21:52:56
00ff527d-af12-42a5-a561-d6061ca346e2,55,35.33,58.63,66.05104802991112,7.421048029911113,2025-10-22 21:52:57
3698c8b4-89c4-47f3-8b51-5e2bcc24ec59,30,18.38,49.22,35.563842183551316,13.656157816448683,2025-10-22 21:52:58
8eb1baa9-8756-4d39-95aa-dd092b10cb63,14,17.02,94.82,33.11767109499383,61.70232890500616,2025-10-22 21:52:59
3091ada2-1934-4ff1-8262-870fd66a630e,30,17.08,24.94,33.225590407724304,8.285590407724303,2025-10-22 21:53:00
70c8996a-b005-481c-b02c-3d786ff2d89e,62,31.07,115.28,58.38877682604725,56.89122317395275,2025-10-22 21:53:01
e6bd63a0-85fd-48c3-abca-442cfa5d16b0,66,9.2,74.7,19.052187335788297,55.647812664211706,2025-10-22 21:53:02
b2f59839-2d56-4a06-ab62-ab4ece87641b,78,26.25,74.58,49.719258703365576,24.860741296634423,2025-10-22 21:53:03
be91d64c-ee90-443c-b4bc-a41e9363d31a,80,8.75,22.37,18.24279249030972,4.12720750969028,2025-10-22 21:53:04
44e24916-b3f7-4a23-943b-8568c31853c5,90,24.47,145.34,46.51765242569475,98.82234757430525,2025-10-22 21:53:05
eb7f648c-8b28-4f3f-a20d-41a1d308da5a,36,23.03,109.49,43.9275889201633,65.56241107983669,2025-10-22 21:53:06
3d82bdff-a2f2-4de0-9d1d-b3c9144ba644,8,16.86,70.45,32.82988626104589,37.62011373895411,2025-10-22 21:53:07
b1d3426a-22a7-451b-a204-613db5511484,1,39.97,140.36,74.39680821440136,65.96319178559865,2025-10-22 21:53:08
e8af19cd-9545-4066-8ba1-2dad71124f15,42,1.56,78.58,5.3104615147742,73.2695384852258,2025-10-22 21:53:09
367637ad-b879-44d9-b8a5-16092fb4d4b9,81,25.7,90.7,48.72999833666953,41.97000166333047,2025-10-22 21:53:10
aaad8c08-0a79-4ad0-8905-52827b4469b6,4,28.42,100.49,53.62234051378451,46.86765948621549,2025-10-22 21:53:11
d9156367-ec37-41e5-99ad-9c58104fcb7c,83,3.97,53.66,9.645220576115035,44.01477942388496,2025-10-22 21:53:12
122d284d-082c-4dbf-9aaf-1a9aa15661e0,55,35.69,94.24,66.69856390629398,27.54143609370601,2025-10-22 21:53:13
5e046da7-263a-412a-8b2c-1b57e290f117,17,14.78,114.48,29.088683419722678,85.39131658027733,2025-10-22 21:53:14
5085e161-bead-4dc4-88d0-9418ca9dcf59,9,35.37,50.67,66.1229942383981,15.452994238398105,2025-10-22 21:53:15
11875144-f445-47ff-b531-bbe8e8c707bd,35,38.79,101.84,72.27439506403532,29.565604935964686,2025-10-22 21:53:16
ec946655-0aed-4697-9ee9-b96039613bcf,86,10.9,135.5,22.109901196485154,113.39009880351485,2025-10-22 21:53:17
73d2bcb8-d3b6-42aa-a45a-ed23a8f0944d,12,30.17,149.78,56.76998713509009,93.01001286490991,2025-10-22 21:53:18
b232d56e-02b3-4607-8816-f90da835e7c5,15,35.33,64.98,66.05104802991112,1.0710480299111111,2025-10-22 21:53:19
0cd9cec3-11a0-4cf2-b245-bbd6e95f5946,46,5.95,107.94,13.206557896220783,94.73344210377921,2025-10-22 21:53:20
c8013185-5825-4e22-b238-954e76e3b64b,73,24.83,135.55,47.16516830207761,88.38483169792241,2025-10-22 21:53:21
88449a9f-3d9a-49a9-90ae-a615a5f589df,40,13.29,118.95,26.408687153582495,92.54131284641751,2025-10-22 21:53:22
977392eb-3f32-41a6-9d3f-46aa0853ed87,29,38.59,36.0,71.9146640216004,35.9146640216004,2025-10-22 21:53:23
5d783384-6b55-4e7b-b41a-74a2f3804e2c,85,49.79,32.93,92.05960239795614,59.12960239795614,2025-10-22 21:53:24
6c65b02e-dc40-4fcd-8901-40bebf63f0ed,32,6.84,115.31,14.807361035056195,100.50263896494381,2025-10-22 21:53:25
e68f386c-41bc-45a9-935e-534d39a8189d,65,26.39,110.01,49.971070433070025,60.03892956692998,2025-10-22 21:53:26
1e46ed9c-af66-4dac-940c-2b757baae6a7,82,18.34,72.44,35.49189597506433,36.94810402493567,2025-10-22 21:53:27
c7a5e70b-d9ae-46ca-b81c-95ebf53a8b29,20,45.95,97.0,85.1527663832056,11.847233616794398,2025-10-22 21:53:28
6034b9f6-eae3-471e-ba3c-efe3960494e5,47,12.46,93.12,24.915803327477562,68.20419667252244,2025-10-22 21:53:29
f8d280da-22e3-4426-bed0-3117f2ba5c8f,7,40.94,135.45,76.14150377021075,59.30849622978924,2025-10-22 21:53:30
d4469ab4-3ef3-48e0-85f5-e569a048fa16,65,10.47,82.0,21.336479455250068,60.66352054474993,2025-10-22 21:53:31
e672eba6-5d70-455f-952f-f24405a23555,88,7.72,109.44,16.390177621769862,93.04982237823013,2025-10-22 21:53:32
4946a904-b392-44db-8d0e-3616ee3a04b1,69,11.42,76.65,23.045201906815954,53.60479809318405,2025-10-22 21:53:33
9c5f9d6b-5cdf-4f5e-9fc8-b701f5397b74,32,41.02,74.09,76.28539618718472,2.1953961871847127,2025-10-22 21:53:34
f520650d-f7d9-42c4-8382-e5683f5a8a8e,52,19.37,30.12,37.34451084360419,7.22451084360419,2025-10-22 21:53:35
9b879c5a-421d-4369-9fd6-c13a1898a6de,22,2.01,113.26,6.119856360252779,107.14014363974722,2025-10-22 21:53:36
8bc64bff-7b4c-49e7-b0c0-d91a827ebab5,58,29.01,36.49,54.68354708896753,18.193547088967527,2025-10-22 21:53:37
69e3ee69-3a84-4602-a79d-a0016b6eb414,95,8.22,149.75,17.289505227857173,132.46049477214282,2025-10-22 21:53:38
9e71c797-aff8-45d9-8424-1c66492bb983,43,27.45,74.76,51.87764495797512,22.882355042024884,2025-10-22 21:53:39
52c01be0-5e7f-49a9-8ae9-d549ecbf5c18,6,18.75,125.31,36.229344612055925,89.08065538794408,2025-10-22 21:53:40
9b177a52-cf82-425f-8a28-568b87a274f3,49,45.16,15.93,83.73182876558764,67.80182876558763,2025-10-22 21:53:41
e42b0a48-8278-4207-9b90-8a9d82207ff5,69,38.58,7.67,71.89667746947865,64.22667746947864,2025-10-22 21:53:42
62776a76-8ed9-4437-9130-6c73f322ee3f,46,1.02,132.41,4.339187700199906,128.07081229980008,2025-10-22 21:53:43
060b5b7a-23bb-4ec4-b9ae-4ad256f392a6,76,40.56,82.29,75.4580147895844,6.83198521041561,2025-10-22 21:53:44
3124cf4d-1420-4f37-a691-571f42df564d,12,14.46,110.85,28.513113751826804,82.33688624817319,2025-10-22 21:53:45
325ff1ed-a825-4b4d-bc9d-7c57c38bd1a3,100,44.4,125.9,82.36485080433494,43.53514919566507,2025-10-22 21:53:46
97e3b846-b409-4d3e-818d-045cc7f5b5bc,88,19.74,106.43,38.01001327210879,68.41998672789121,2025-10-22 21:53:47
fed9e2fb-0645-441c-8b05-debf002fa951,73,15.17,32.01,29.79015895247078,2.2198410475292185,2025-10-22 21:53:48
10fa3d90-daf4-4894-b3c9-5fd4b43295ca,75,8.23,75.89,17.307491779978918,58.58250822002108,2025-10-22 21:53:49
7c346251-ea0d-444c-b25e-9c48078e1f80,32,28.13,76.51,53.10073050225386,23.409269497746145,2025-10-22 21:53:50
da808347-176c-495e-94e0-4dbf14ce49dc,47,11.72,19.14,23.584798470468343,4.444798470468342,2025-10-22 21:53:51
8953caeb-8397-436b-8d67-32ef811f8d2a,18,41.15,96.44,76.51922136476742,19.92077863523258,2025-10-22 21:53:52
bef86b0e-4b9c-4587-859b-1dc0cf2e6dad,30,28.58,126.28,53.91012534773244,72.36987465226755,2025-10-22 21:53:53
a70c275d-a12e-457a-be43-8e19ca8df993,12,20.17,136.58,38.78343501334389,97.79656498665612,2025-10-22 21:53:54
2b5e252f-06f1-4dd5-a729-56933b338a7f,26,3.68,134.47,9.123610564584396,125.3463894354156,2025-10-22 21:53:55
60c5ac8f-da56-4a0c-b7b8-b8467cb33e2b,24,26.14,126.74,49.52140663002637,77.21859336997363,2025-10-22 21:53:56
0986e070-b581-4b7b-962a-ae441b5f58fa,38,32.08,41.04,60.20541859034361,19.165418590343613,2025-10-22 21:53:57
2111f952-0247-4220-8e46-7d3bcb266459,15,13.65,5.44,27.05620302996536,21.61620302996536,2025-10-22 21:53:58
575c115b-6da9-4fe4-9949-7a465647c8d0,28,25.5,62.5,48.37026729423461,14.129732705765392,2025-10-22 21:53:59
a92fee0a-5e28-4f3e-9ce1-f7fa7803c3fe,14,42.38,46.68,78.73156727574221,32.05156727574221,2025-10-22 21:54:00
d99ef9d8-235e-4d60-8d16-9dd4f1963601,69,33.12,71.21,62.07602001100521,9.133979988994781,2025-10-22 21:54:01
08526577-fe8b-4dac-9c25-baa3b6b6fb97,81,13.17,94.49,26.19284852812154,68.29715147187845,2025-10-22 21:54:02
bb258a97-f1c5-4849-a2dd-3259ce431c1d,57,8.99,48.92,18.67446974123163,30.245530258768373,2025-10-22 21:54:03
108ff8a8-8aff-433d-b8d8-81b4a159d6f3,50,40.26,138.44,74.918418225932,63.521581774068,2025-10-22 21:54:04
e6b938d4-782b-459c-b9d3-9645d3b205a0,27,37.01,43.57,69.07278878636448,25.502788786364484,2025-10-22 21:54:05
894ae1fd-af57-476d-a227-b38fbd3ef353,12,13.94,51.44,27.577813041495997,23.862186958504,2025-10-22 21:54:06
b7448b77-3ccd-4cf6-95af-3993a181be30,1,11.62,125.27,23.404932949250878,101.86506705074912,2025-10-22 21:54:07
02a507c9-7577-4dad-a864-e4a856922f36,81,16.91,105.74,32.919819021654625,72.82018097834538,2025-10-22 21:54:08
7871cec9-883d-43a1-ab36-605a8339f476,67,11.49,29.17,23.17110777166818,5.9988922283318225,2025-10-22 21:54:09
327f3b6f-7353-4488-b8f8-e110ef7e420e,10,20.78,70.39,39.88061469277041,30.509385307229593,2025-10-22 21:54:10
f7e0a4d7-8af2-487e-b5f0-d396eb6c3604,21,27.21,55.44,51.445967707053214,3.994032292946784,2025-10-22 21:54:11
534bfb48-6ecd-4fc1-84ed-7a2ee4be4bef,5,23.78,127.69,45.27658032929427,82.41341967070574,2025-10-22 21:54:12
92126ed9-5458-45e4-a5ab-34d8d1b39ed1,42,47.47,93.13,87.88672230571102,5.243277694288977,2025-10-22 21:54:13
86148ee9-afb6-46b6-b9f7-1998fbcbf187,20,18.84,68.78,36.39122358115164,32.38877641884836,2025-10-22 21:54:14
0d042256-78c4-4fac-a66d-07736fa89761,68,39.61,144.75,73.7492923380185,71.0007076619815,2025-10-22 21:54:15
ef69e410-3782-4513-be6b-9262decdb462,67,13.16,20.45,26.174861975999796,5.724861975999797,2025-10-22 21:54:16
06a895d8-fee5-4c09-b201-3503a0da84d3,62,30.84,84.75,57.97508612724708,26.77491387275292,2025-10-22 21:54:17
75fbb7ab-fd0b-4193-82a9-e46d623bed2e,27,8.8,84.13,18.332725250918454,65.79727474908154,2025-10-22 21:54:18
11861750-6f79-4d13-9f15-c759aeef02bf,49,18.46,10.37,35.707734600525285,25.337734600525287,2025-10-22 21:54:19
a22da5bf-9840-4590-bb4b-eb92d6e4a23c,8,36.57,54.65,68.28138049300766,13.631380493007661,2025-10-22 21:54:20
933927b0-47f0-4d35-aece-3e2a99c8dfdd,76,21.42,36.03,41.03175402856216,5.001754028562161,2025-10-22 21:54:21
7a8558cd-60c5-47ef-964c-795d17476f5e,2,43.22,13.32,80.24243765396888,66.92243765396887,2025-10-22 21:54:22
52a0be7b-4f0f-41f6-b1cc-f89406db3b23,66,30.58,40.08,57.50743577208168,17.42743577208168,2025-10-22 21:54:23
ac569d0a-20eb-47c2-9c05-7f3e4ea01382,53,15.1,86.95,29.664253087618558,57.28574691238144,2025-10-22 21:54:24
9ccee45a-c316-4142-82a3-ab83f7b0bd86,48,45.45,128.12,84.25343877711829,43.866561222881714,2025-10-22 21:54:25
b5152b56-f6c6-43fe-92f1-9be097bf181a,27,11.08,22.58,22.433659134676585,0.14634086532341328,2025-10-22 21:54:26
be487f3f-df13-4540-aec7-50d8ee3c166d,75,36.34,127.01,67.86768979420751,59.1423102057925,2025-10-22 21:54:27
fd3c5c76-43cf-476c-b688-49da473f9089,92,1.36,51.31,4.950730472339277,46.35926952766073,2025-10-22 21:54:28
f38452eb-e46a-49d4-a2a0-892845a51ff7,24,17.92,117.09,34.736460785950996,82.35353921404901,2025-10-22 21:54:29
3a6c5682-db3f-4f5e-8244-e31f229c2cb5,75,10.89,70.05,22.091914644363406,47.95808535563659,2025-10-22 21:54:30
6e2aaa24-85ab-4bed-be22-d44775b86f20,75,47.67,86.37,88.24645334814595,1.8764533481459438,2025-10-22 21:54:31
a2da2ea0-8799-46f9-9fb3-60496daad63b,98,20.89,28.96,40.078466766109614,11.118466766109613,2025-10-22 21:54:32
93e8d7cc-0687-4ef9-bff2-e9048d3d81cf,8,8.77,111.58,18.27876559455321,93.30123440544679,2025-10-22 21:54:33
e5da63ef-0db2-4668-855d-839f4c155955,28,24.77,14.4,47.05724898934714,32.65724898934714,2025-10-22 21:54:34
31e6037e-410b-40e5-8644-5e3c541b2ddf,9,31.72,125.17,59.55790271396075,65.61209728603924,2025-10-22 21:54:35
42cd5a29-9721-45ab-a50f-a35f73435b96,65,12.09,115.83,24.250300898972952,91.57969910102705,2025-10-22 21:54:36
7d8a94a3-33e8-47d2-a251-396f76b3ffbb,52,19.64,110.3,37.830147750891335,72.46985224910867,2025-10-22 21:54:37
21f7f063-965b-4116-b0ef-392296cc1abc,66,30.62,8.97,57.57938198056867,48.60938198056867,2025-10-22 21:54:38
b7b16589-5e96-48d9-bb1a-4605f505de77,77,33.39,15.3,62.561656918292364,47.26165691829236,2025-10-22 21:54:39
9d1727e4-08f4-40b9-870d-901ec386d2df,12,14.68,126.93,28.908817898505216,98.02118210149479,2025-10-22 21:54:40
bbb7b85c-087d-4404-a1e4-3b78334f5d91,50,38.11,141.5,71.05130951975657,70.44869048024343,2025-10-22 21:54:41
0f45f4a7-b6f7-4d90-a2dd-c6aaf8fb19ce,57,1.38,137.01,4.9867035765827685,132.02329642341724,2025-10-22 21:54:42
41ded787-6089-4063-af52-a2f1c8950e73,76,20.72,135.69,39.77269538003993,95.91730461996008,2025-10-22 21:54:43
c8f57640-ebf9-41a2-bcb0-b6c0a140ec43,13,3.86,43.5,9.447368502775827,34.05263149722417,2025-10-22 21:54:44
9ed7419d-75da-4c39-9af8-99c32f437931,40,2.29,76.41,6.623479819661673,69.78652018033833,2025-10-22 21:54:45
907f31ab-aed1-4afc-aca7-2c036384f32b,81,26.39,75.03,49.971070433070025,25.058929566929976,2025-10-22 21:54:46
480a61a6-e6c4-47d4-85b6-c49d99f6210c,24,11.16,47.03,22.577551551650554,24.452448448349447,2025-10-22 21:54:47
ade96654-9fd7-4fb9-b306-b2cf8d3a0358,87,20.81,51.4,39.93457434913564,11.465425650864361,2025-10-22 21:54:48
17c665e7-0526-4c97-b980-7cd3d0607107,9,32.16,53.73,60.349311007317574,6.619311007317577,2025-10-22 21:54:49
a593435d-99a5-4d24-900a-9e79e33e3858,29,5.47,65.95,12.343203394376964,53.60679660562304,2025-10-22 21:54:50
bb80c98d-3b82-4c95-bade-b9c936c6477b,75,3.07,39.98,8.026430885157877,31.953569114842118,2025-10-22 21:54:51
41b3c13d-d227-45d2-9b2e-181268861184,5,41.25,81.08,76.69908688598488,4.380913114015115,2025-10-22 21:54:52
b5f606bf-6be1-4194-977b-5bc0d2e3baa9,75,32.73,107.88,61.37454447825711,46.50545552174289,2025-10-22 21:54:53
2d1b6a16-ed22-46a5-a1d9-596a71aa8a13,38,10.91,21.3,22.1278877486069,0.8278877486068978,2025-10-22 21:54:54
cd9e63e8-f632-4089-9c1c-d8f46f2a8d00,24,6.9,77.43,14.915280347786673,62.51471965221333,2025-10-22 21:54:55
777bcf92-59d6-4e2c-a514-06ebe09551b3,55,14.66,70.51,28.872844794261724,41.63715520573828,2025-10-22 21:54:56
bab6242c-f497-49af-92c5-dc3fcab8b884,18,5.59,60.53,12.55904201983792,47.97095798016208,2025-10-22 21:54:57
2b3c50aa-ebb6-4217-8ee7-cbeccc0e1adc,5,27.77,89.93,52.453214625871,37.47678537412901,2025-10-22 21:54:58
bd14a16b-fec6-465a-8a16-4b4fd9fbbb14,90,44.46,36.53,82.47277011706541,45.94277011706541,2025-10-22 21:54:59
1ede3633-a1d6-43e2-9179-909e288abfc1,80,28.47,25.13,53.71227327439323,28.582273274393234,2025-10-22 21:55:00
9f87ab2d-bb3d-420b-9b69-0f07823ad705,31,21.99,120.23,42.056987499501695,78.17301250049832,2025-10-22 21:55:01
54512b3a-2919-4458-93be-9e3ef544791c,84,10.2,48.22,20.850842547962916,27.369157452037083,2025-10-22 21:55:02
94653bdb-f896-4e20-aa0f-94ecee65ec7e,52,11.48,29.18,23.153121219546435,6.026878780453565,2025-10-22 21:55:03
67635501-3077-4b64-a8b9-457846273319,85,36.22,34.73,67.65185116874653,32.921851168746535,2025-10-22 21:55:04
87217e2e-ff22-49d1-93ad-811a8d6af24c,17,33.82,61.95,63.335078659527454,1.3850786595274514,2025-10-22 21:55:05
a888e46f-4846-461e-8ca1-976431d59b26,91,45.43,148.77,84.2174656728748,64.55253432712522,2025-10-22 21:55:06
dd936e1d-6607-40af-9d9b-7a69f6f13567,13,49.35,137.61,91.2681941045993,46.34180589540071,2025-10-22 21:55:07
6dc45e62-92bd-4699-b294-1ada8c370d23,27,2.15,32.36,6.371668089957226,25.988331910042774,2025-10-22 21:55:08
855cf053-ab5c-46e2-bb88-47a9ca075d00,32,25.42,49.39,48.226374877260646,1.1636251227393544,2025-10-22 21:55:09
f16a004a-a22b-4d74-865d-30b11904e2f2,28,31.82,118.2,59.73776823517821,58.462231764821794,2025-10-22 21:55:10
3fbc371d-2415-4667-888d-ec9f47f5a452,93,16.49,29.67,32.164383832541276,2.494383832541274,2025-10-22 21:55:11
682bc515-02c7-4188-8e31-f73337b64c19,31,29.08,38.23,54.80945295381975,16.579452953819754,2025-10-22 21:55:12
8cc7d58c-e9b8-47a5-ae95-1fbe5e6996b4,91,30.03,79.6,56.51817540538564,23.081824594614353,2025-10-22 21:55:13
f9f6fe7a-6377-4851-b45e-868f4b720845,35,8.1,64.21,17.073666602396216,47.13633339760378,2025-10-22 21:55:14
06fdc60d-4f1a-4e63-ab08-e9edd038857f,28,11.76,34.69,23.656744678955327,11.03325532104467,2025-10-22 21:55:15
f19d760b-edba-42fd-9d08-162fcdd02c4d,10,34.6,133.21,64.73802972502365,68.47197027497636,2025-10-22 21:55:16
497deaf1-d627-427d-be6c-e10893fd262a,71,30.43,49.72,57.23763749025549,7.517637490255488,2025-10-22 21:55:17
a332a87a-39d3-4bfb-9d4b-86ef0e6fb948,65,3.44,110.6,8.691933313662487,101.9080666863375,2025-10-22 21:55:18
a151eae6-492a-4b48-8051-b170a6e0ddb2,29,9.46,103.39,19.5198376909537,83.8701623090463,2025-10-22 21:55:19
3de78dd2-c238-45f1-9384-bc1d7e312c27,29,47.72,98.7,88.33638610875467,10.363613891245336,2025-10-22 21:55:20
6563c684-f1d9-44e8-9c4b-ea9391075e80,5,17.78,127.71,34.484649056246546,93.22535094375345,2025-10-22 21:55:21
1485685d-2c2d-4d61-ad48-8bae7634500a,90,17.59,110.52,34.142904565933364,76.37709543406663,2025-10-22 21:55:22
f83c7cca-30a5-4745-9257-d9380a0b6a61,82,24.48,65.46,46.5356389778165,18.924361022183497,2025-10-22 21:55:23
444fbb95-9fc7-4b37-a5a0-0d39d9827b20,8,22.66,93.75,43.26208649165869,50.48791350834131,2025-10-22 21:55:24
54bf0730-b6e4-42a9-adca-e75902ebbea7,44,14.44,53.42,28.477140647583308,24.942859352416693,2025-10-22 21:55:25
ba379715-cfa4-4610-af20-a673114b0d90,85,16.28,15.75,31.786666237984612,16.036666237984612,2025-10-22 21:55:26
c39e451a-1fcb-45f4-a3e1-fcc786e851aa,42,18.35,93.0,35.50988252718608,57.49011747281392,2025-10-22 21:55:27
a17085b1-1dbe-4b20-8bd2-1da0470de076,40,5.11,94.64,11.695687517994102,82.9443124820059,2025-10-22 21:55:28
7e0674bd-417f-4739-8854-17a9f80bda74,78,5.5,124.76,12.397163050742204,112.3628369492578,2025-10-22 21:55:29
edd8ec10-3705-4c9a-bf3f-b568488e0c75,64,47.01,135.6,87.05934090811068,48.54065909188931,2025-10-22 21:55:30
04e2d134-afd8-4366-a6c3-2f508698254e,16,31.11,41.39,58.46072303453423,17.070723034534232,2025-10-22 21:55:31
6a6558f3-f9d8-4294-93b5-52aacb6a8ede,27,18.2,5.86,35.24008424535988,29.380084245359882,2025-10-22 21:55:32
52081874-35f5-4b0f-b502-19d313c814c1,86,24.74,112.35,47.0032893329819,65.3467106670181,2025-10-22 21:55:33
a5153f59-56b2-4864-8c62-02715386aea5,80,35.9,50.55,67.07628150085065,16.526281500850658,2025-10-22 21:55:34
889dcf5b-4194-45b9-b4e4-138625d8489e,33,4.3,98.02,10.23877679613266,87.78122320386734,2025-10-22 21:55:35
20100642-a937-4622-a333-ee6e6271a31d,82,33.0,70.05,61.860181385544266,8.189818614455731,2025-10-22 21:55:36
a8a513f1-a6c8-4af6-aa5c-b214a2d8005b,10,38.14,99.37,71.10526917612181,28.264730823878196,2025-10-22 21:55:37
c7cb0416-d9aa-4c1c-9d23-45c49a79c239,93,17.45,11.83,33.891092836228914,22.061092836228916,2025-10-22 21:55:38
73ecabcc-d92e-4a7f-9fa0-13ac59b9dd38,8,19.36,60.69,37.32652429148244,23.363475708517555,2025-10-22 21:55:39
c01b701d-ba9c-4da3-abf7-9970133a9533,78,21.44,29.27,41.06772713280566,11.797727132805658,2025-10-22 21:55:40
0ac1231d-ee57-4a7f-aecf-5e00984c6e4c,25,33.67,89.0,63.065280377701264,25.934719622298736,2025-10-22 21:55:41
a3d3925c-df39-4f46-afee-8c47cd3ba56b,6,16.14,131.25,31.534854508280162,99.71514549171984,2025-10-22 21:55:42
18ff3cef-d37b-4de5-ae82-280feeef3a1f,25,16.82,138.59,32.75794005255891,105.8320599474411,2025-10-22 21:55:43
f7a8955d-9a3c-47a4-8141-bc6c359b9148,5,43.66,21.14,81.0338459473257,59.8938459473257,2025-10-22 21:55:44
c11a9aba-16d8-45a2-ba38-719931c57c9d,47,42.23,28.74,78.461768993916,49.721768993916,2025-10-22 21:55:45
7fdd5d13-1273-4592-8069-5167f14707bb,88,45.24,123.72,83.87572118256162,39.84427881743838,2025-10-22 21:55:46
699d1b93-e985-4bc9-9ec2-c95adbf02426,39,12.23,68.69,24.5021126286774,44.1878873713226,2025-10-22 21:55:47
0892601b-6652-4ce8-920b-ab83d87658ba,6,16.09,96.93,31.444921747671433,65.48507825232858,2025-10-22 21:55:48
bc625c59-9ade-4005-be16-ec049eef9b3a,68,26.77,40.63,50.654559413696376,10.024559413696373,2025-10-22 21:55:49
b5a3386e-7838-4416-b557-9b6b07d22e24,81,8.53,30.9,17.847088343631302,13.052911656368696,2025-10-22 21:55:50
0a6dbede-f269-476a-98aa-a679a80fe440,50,27.81,75.16,52.52516083435798,22.634839165642013,2025-10-22 21:55:51
6ed77861-ce4b-4586-b5fc-79c4640ad1ea,29,10.26,131.87,20.958761860693397,110.9112381393066,2025-10-22 21:55:52
f36100c3-05b8-44d3-ac2e-d50d52a105a2,48,26.32,29.1,49.845164568217804,20.745164568217803,2025-10-22 21:55:53
751ea27c-ac61-45f6-b41a-86260e45a445,8,24.99,38.72,47.45295313602555,8.73295313602555,2025-10-22 21:55:54
00d05896-53e7-4aed-bb27-35a6adc133e8,15,42.69,71.32,79.28915039151633,7.969150391516337,2025-10-22 21:55:55
723d2055-8067-458d-aa40-1bb68e4dd83a,25,47.3,122.43,87.58095091964132,34.84904908035868,2025-10-22 21:55:56
db9039be-8ef7-42bb-8a96-f5e79b7f86ff,11,31.23,71.82,58.67656165999519,13.143438340004806,2025-10-22 21:55:57
8ebbd4ea-ee69-4fd8-a809-fc61ddd34236,53,13.56,116.3,26.894324060869643,89.40567593913036,2025-10-22 21:55:58
2a1b004e-651d-4132-98e5-1adbf4986e45,86,46.31,124.32,85.80028225958846,38.51971774041154,2025-10-22 21:55:59
84ae5428-7ba5-46c6-9155-d78731a9dfd7,9,36.18,94.84,67.57990496025955,27.26009503974045,2025-10-22 21:56:00
cddbf4db-57b1-4427-9a70-68cb53cb1212,45,30.87,74.42,58.029045783612325,16.390954216387676,2025-10-22 21:56:01
98a3fc1d-4e87-4d60-8222-20bb86e6e305,15,47.09,41.33,87.20323332508467,45.87323332508467,2025-10-22 21:56:02
f4028261-9097-4b67-8c60-316dfa776523,25,21.2,51.98,40.63604988188374,11.343950118116254,2025-10-22 21:56:03
a21c071b-099e-4da6-9d70-0e62948e64da,67,35.42,147.34,66.21292699900684,81.12707300099316,2025-10-22 21:56:04
1145a6c9-6992-434a-be88-178e13bb2b27,23,19.89,95.38,38.27981155393499,57.100188446065005,2025-10-22 21:56:05
738e451b-8771-4366-8c45-51a2ad8255ba,97,30.7,13.29,57.72327439754264,44.43327439754264,2025-10-22 21:56:06
30265bb1-75c2-4ff2-aa70-64851f0d3ca6,32,43.84,143.0,81.35760388551715,61.64239611448285,2025-10-22 21:56:07
687c29b4-f1ee-445d-84ed-1798c464b0ab,17,27.67,70.81,52.27334910465354,18.53665089534646,2025-10-22 21:56:08
b3a1025b-82a0-4214-89c1-b296f3b45af1,66,11.24,52.26,22.721443968624524,29.538556031375474,2025-10-22 21:56:09
57e4cc85-d34f-4250-bae2-924ebda29283,30,34.2,12.84,64.0185676401538,51.1785676401538,2025-10-22 21:56:10
71f71439-5c6d-4a7e-abf5-91682e8047b5,8,29.5,59.63,55.56488814293309,4.06511185706691,2025-10-22 21:56:11
9b0d7c6f-ea67-49ff-b4ea-bda14ea56768,45,4.19,67.69,10.040924722793452,57.64907527720655,2025-10-22 21:56:12
a5816d12-19ad-4900-8fb6-89adb887e010,96,2.35,116.5,6.73139913239215,109.76860086760784,2025-10-22 21:56:13
62eff285-3128-4aac-b3a0-52c433f1471c,14,3.2,47.09,8.260256062740577,38.82974393725942,2025-10-22 21:56:14
95edda63-6562-492b-87eb-67efba02e84a,75,2.78,90.5,7.504820873627237,82.99517912637276,2025-10-22 21:56:15
72b3b403-b73f-4cd5-bef2-d4254feef0ef,67,7.24,136.17,15.526823119926043,120.64317688007395,2025-10-22 21:56:16
6e1033bb-8a04-4ee8-9e1c-b7e7b00f5bf6,57,32.8,134.12,61.500450343109335,72.61954965689067,2025-10-22 21:56:17
c5780862-b7be-4b12-956e-e58051b59390,87,10.62,111.02,21.606277737076258,89.41372226292374,2025-10-22 21:56:18
6c0121a7-cfd1-4a74-a7e6-095a9397b5c6,6,43.59,140.36,80.9079400824735,59.45205991752651,2025-10-22 21:56:19
6609cb3f-b397-4f5c-baa8-0653e23cf33e,42,23.61,120.01,44.970808943224576,75.03919105677542,2025-10-22 21:56:20
eb19d172-e9e4-407d-8998-567f8a014005,19,37.73,129.67,70.36782053913021,59.30217946086978,2025-10-22 21:56:21
6f89e040-ec66-4b3b-9dcf-b1c1e49818b5,79,40.48,77.9,75.31412237261041,2.5858776273895927,2025-10-22 21:56:22
dd8e1217-6986-45ef-9a8d-1e447524e264,96,6.91,72.69,14.933266899908418,57.75673310009158,2025-10-22 21:56:23
0ecf9fe5-ee4e-44c1-926f-5052ad8bc1ab,98,33.37,18.44,62.52568381404887,44.08568381404886,2025-10-22 21:56:24
7116cfc2-7961-43ab-8571-670ec2f80ab0,91,9.83,121.49,20.18534011945831,101.30465988054169,2025-10-22 21:56:25
9b120725-8b9c-473c-9ba5-6a6121219512,89,2.74,111.56,7.432874665140252,104.12712533485976,2025-10-22 21:56:26
67a4b2f7-74d1-4961-b6b8-bbf72c34a429,50,1.59,125.6,5.364421171139439,120.23557882886055,2025-10-22 21:56:27
4cb94cd0-589c-4fb4-a67d-4c014785c25a,15,12.46,23.1,24.915803327477562,1.8158033274775605,2025-10-22 21:56:28
7e2f7369-6735-45ff-bb1e-e1956083d1b4,65,41.14,112.15,76.50123481264568,35.64876518735433,2025-10-22 21:56:29
9ed35369-94f1-4b05-97ec-6951133c7d91,24,48.96,145.37,90.5667185718512,54.80328142814881,2025-10-22 21:56:30
cdcf5691-a993-42cd-bf47-f12487f0d379,34,33.34,96.65,62.47172415768364,34.17827584231637,2025-10-22 21:56:31
d2c2dc2e-f6a2-470b-bd29-009ac0b7c10f,10,8.6,77.47,17.972994208483527,59.49700579151647,2025-10-22 21:56:32
bc70ddf0-45e0-4f3f-942c-43e056fde77a,61,30.7,120.75,57.72327439754264,63.02672560245736,2025-10-22 21:56:33
e1679757-0050-44c7-86e0-f2ade0027a1f,52,35.61,113.3,66.55467148932001,46.74532851067998,2025-10-22 21:56:34
8f777bf4-2a5c-4c35-84b0-35d43090fda2,52,25.54,98.74,48.44221350272159,50.2977864972784,2025-10-22 21:56:35
dfed6f7d-8644-418f-af0d-06ad6d98cfc3,24,10.74,27.08,21.822116362537216,5.257883637462783,2025-10-22 21:56:36
55e33aba-f594-4228-b869-8f4ca16d2d97,18,34.67,15.88,64.86393558987588,48.98393558987588,2025-10-22 21:56:37
86b9610d-6c28-41d6-94db-ec5b7387d707,3,13.52,64.37,26.822377852382658,37.547622147617346,2025-10-22 21:56:38
a550dee2-3824-430e-9158-778bcb6cd4d9,88,24.95,133.85,47.38100692753857,86.46899307246142,2025-10-22 21:56:39
bfcbfa7a-e3fd-49e3-bfdc-ce8d6f2bda6d,84,33.39,139.47,62.561656918292364,76.90834308170764,2025-10-22 21:56:40
427ade35-2bb0-4e66-91f6-4d1d3081850d,25,29.06,26.52,54.773479849576255,28.253479849576255,2025-10-22 21:56:41
6dabffa8-0af1-451e-a642-2691f3572a88,93,45.34,6.75,84.05558670377908,77.30558670377908,2025-10-22 21:56:42
e9471142-af2e-43fc-9983-2285b908e543,79,49.15,30.49,90.90846306216437,60.41846306216438,2025-10-22 21:56:43
6671642e-43c7-4ab5-9882-03f05ee6824b,40,14.24,141.61,28.117409605148385,113.49259039485163,2025-10-22 21:56:44
9fe6f3d0-5620-4fd4-b69a-5cc4d5f047bf,61,8.03,19.92,16.94776073754399,2.9722392624560108,2025-10-22 21:56:45
fb0302bf-44e9-4583-b3d8-a36ae819cf90,58,2.93,52.91,7.774619155453431,45.13538084454657,2025-10-22 21:56:46
a56f3b31-04b7-4435-9634-3f3deb72165e,11,32.64,128.17,61.212665509161404,66.95733449083858,2025-10-22 21:56:47
eecbfe0d-6199-4227-bce4-ff390e44be41,59,25.01,121.32,47.48892624026905,73.83107375973094,2025-10-22 21:56:48
fe746124-fd59-4cec-b403-6fed9edf9155,29,28.76,84.22,54.23388328592387,29.986116714076125,2025-10-22 21:56:49
95441149-e9d7-4d91-bb95-713545ebd087,67,29.1,144.67,54.845426058063246,89.82457394193673,2025-10-22 21:56:50
913c7c36-625e-47ae-9aa9-1083f281d5bd,91,43.23,59.19,80.26042420609062,21.07042420609062,2025-10-22 21:56:51
1fa3b373-b1b1-4ee2-ad5f-a0b35c1b53dc,14,38.07,88.17,70.9793633112696,17.190636688730407,2025-10-22 21:56:52
ba7dc926-3905-4422-9601-9dcc98bd1641,17,28.28,106.02,53.37052878408006,52.64947121591994,2025-10-22 21:56:53
7427bdc9-e0e2-4748-9563-ea3f679b3507,15,31.06,40.47,58.3707902739255,17.9007902739255,2025-10-22 21:56:54
c27cbc37-db73-4109-be53-34b9f119d222,74,37.49,101.05,69.93614328820831,31.113856711791684,2025-10-22 21:56:55
c316d66f-27b5-4df6-9135-8df8156f6e50,69,20.34,133.58,39.08920639941357,94.49079360058644,2025-10-22 21:56:56
c1938203-a277-41a1-8c4f-4d185e094f95,39,40.98,116.24,76.21344997869772,40.02655002130227,2025-10-22 21:56:57
0a2c583d-6e88-4639-b83b-30e3feaabb53,77,26.9,83.35,50.88838459127908,32.46161540872092,2025-10-22 21:56:58
1e6f54b0-9c2a-49df-8c12-d4d6f30aaa0b,5,11.92,110.55,23.944529512903266,86.60547048709674,2025-10-22 21:56:59
20361141-3edc-4e19-96eb-2c4d9d2d94e1,37,6.46,87.88,14.123872054429839,73.75612794557016,2025-10-22 21:57:00
d25c0dad-04d3-475c-9ddc-69b5d4d3a95f,71,24.88,73.63,47.25510106268634,26.374898937313652,2025-10-22 21:57:01
aaee3a10-360c-4d9b-b1bd-96ef8fd7a177,44,7.71,62.76,16.372191069648114,46.38780893035188,2025-10-22 21:57:02
d7739f9a-850c-4ce4-9ec6-0000a6337382,31,41.72,108.19,77.54445483570694,30.645545164293054,2025-10-22 21:57:03
f1c91f0f-8e23-4ca5-9667-745d0c205b2d,55,44.12,136.42,81.86122734492604,54.55877265507395,2025-10-22 21:57:04
afbe5b7a-f673-4cfb-8a2a-934b353ae664,32,9.83,120.51,20.18534011945831,100.3246598805417,2025-10-22 21:57:05
122f91c7-d306-4777-ad2e-7c36fcaabf8b,19,47.28,111.5,87.54497781539784,23.955022184602157,2025-10-22 21:57:06
21f35681-21bf-450d-a4f6-4e74bdb76af5,51,40.82,86.15,75.9256651447498,10.224334855250206,2025-10-22 21:57:07
edb46ba5-cac0-4936-844b-bf71209d6120,54,39.21,66.91,73.02983025314866,6.119830253148663,2025-10-22 21:57:08
3a0ca4d3-041b-4af8-be35-e20e1897d1c2,3,44.25,140.6,82.09505252250874,58.50494747749126,2025-10-22 21:57:09
35c51bf4-41d2-4d0a-b7dd-111ee1006b64,82,35.8,126.26,66.89641597963319,59.363584020366815,2025-10-22 21:57:10
11ede5db-3458-4422-9f74-c0a827b11956,32,4.23,84.61,10.112870931280437,74.49712906871956,2025-10-22 21:57:11
50cdf6a5-df72-4c40-963d-284480545b47,41,6.36,146.75,13.944006533212377,132.8059934667876,2025-10-22 21:57:12
bca5f3d2-0d6b-4b1c-80d1-e4ba7e29d567,95,38.06,24.34,70.96137675914784,46.621376759147836,2025-10-22 21:57:13
92421f76-731c-4d77-83b9-1ec734ff5393,40,20.3,60.11,39.017260190926585,21.092739809073414,2025-10-22 21:57:14
2aa1e714-c5ab-4524-83cd-c9f9358e3c50,73,26.8,53.4,50.70851907006162,2.691480929938379,2025-10-22 21:57:15
68d4fcec-b52a-4ffd-86ba-686cde659a94,79,23.33,57.56,44.46718548381568,13.092814516184319,2025-10-22 21:57:16
94c8a84f-a85e-4fb2-bde5-530dd54a646b,88,10.83,33.93,21.98399533163293,11.94600466836707,2025-10-22 21:57:17
7a0261f1-f551-4592-ae06-30d30d4e584d,98,17.69,14.44,34.32277008715083,19.88277008715083,2025-10-22 21:57:18
a3e8911e-30e2-4862-8f08-4780694a5c7b,44,35.99,117.05,67.23816046994638,49.81183953005362,2025-10-22 21:57:19
540d8bb3-f5f1-4776-aa5d-4db7f8c60320,28,15.06,57.87,29.592306879131574,28.277693120868424,2025-10-22 21:57:20
52702bf7-75a3-4f63-a57a-7f6b51b3b712,41,18.36,85.08,35.52786907930782,49.55213092069218,2025-10-22 21:57:21
104ee6b1-9c9c-437a-bfa6-6ff7dbe2a3bf,31,21.57,139.52,41.30155231038835,98.21844768961165,2025-10-22 21:57:22
666ca334-2f29-4fb0-9e72-017ca86d9522,38,6.65,62.43,14.465616544743018,47.96438345525698,2025-10-22 21:57:23
4cf087c8-510b-404b-a099-315556471806,42,45.67,80.24,84.6491429237967,4.409142923796708,2025-10-22 21:57:24
84f1ed23-7210-43b8-b7c0-0f0cf4c17d37,100,26.99,75.1,51.050263560374795,24.0497364396252,2025-10-22 21:57:25
ab22933a-f068-49a4-90e4-a4ed51eda2d4,51,23.57,114.47,44.8988627347376,69.5711372652624,2025-10-22 21:57:26
7f8f74bd-caad-49c9-a32a-cfc0c8f19de0,41,22.28,10.85,42.578597511032335,31.728597511032334,2025-10-22 21:57:27
80efe718-ab25-468a-96e3-d435b5e135e8,79,1.15,123.7,4.573012877782606,119.1269871222174,2025-10-22 21:57:28
990376b0-9654-4d23-b371-a2c9924bb9cd,88,46.4,31.66,85.96216122868417,54.30216122868417,2025-10-22 21:57:29
f0d0d087-5e69-41de-af75-6f65d942687c,71,42.56,81.05,79.05532521393364,1.994674786066355,2025-10-22 21:57:30
eebd1b62-8351-465d-94da-fe27742f006e,68,8.77,82.66,18.27876559455321,64.38123440544679,2025-10-22 21:57:31
763951f7-87e4-44bf-ab9e-b9602d4951fd,8,5.01,12.59,11.515821996776639,1.074178003223361,2025-10-22 21:57:32
081293ae-6c83-43ef-8078-ff8c47bb240e,66,9.06,65.46,18.800375606083854,46.65962439391614,2025-10-22 21:57:33
67904c37-1e7e-4c2f-8389-cf52652a843f,71,5.11,86.76,11.695687517994102,75.0643124820059,2025-10-22 21:57:34
ede9df49-61c7-430c-aab1-14453c3ab206,72,15.55,20.44,30.473647933097137,10.033647933097136,2025-10-22 21:57:35
c3e6ca5b-478e-4f97-9438-000277fcac42,31,12.47,12.07,24.933789879599306,12.863789879599306,2025-10-22 21:57:36
42228ac3-ed93-498a-b660-c3e6d64f0547,29,12.63,60.5,25.22157471354725,35.27842528645275,2025-10-22 21:57:37
83ab51cd-3011-4438-8bc4-59bd1238f98f,66,10.2,117.44,20.850842547962916,96.58915745203709,2025-10-22 21:57:38
7f30b4cc-137c-4ab5-9fa4-bc403cb6c6db,9,45.13,57.52,83.67786910922241,26.15786910922241,2025-10-22 21:57:39
c0395dbe-4040-492f-9991-c9afa81f3180,7,20.39,119.87,39.1791391600223,80.6908608399777,2025-10-22 21:57:40
746ed0b1-8c8a-48e3-9b6d-569a4c50807c,20,22.77,53.83,43.4599385649979,10.3700614350021,2025-10-22 21:57:41
5d0f7278-9589-472d-a2d2-512f5de3853c,45,18.76,90.7,36.24733116417767,54.45266883582233,2025-10-22 21:57:42
d83d5153-6f44-4752-a2be-8448a7de412c,85,29.01,93.87,54.68354708896753,39.186452911032475,2025-10-22 21:57:43
79628141-34c1-4913-92b4-4d2ebbb4d7eb,18,47.01,83.77,87.05934090811068,3.289340908110688,2025-10-22 21:57:44
5f01dfbb-f3c3-4584-90b7-107f936a90bf,80,22.14,72.29,42.326785781327885,29.96321421867212,2025-10-22 21:57:45
34cf8a90-d947-42e0-a926-53c55cfb4989,29,39.73,130.82,73.96513096347945,56.85486903652054,2025-10-22 21:57:46
fa685f34-1aec-425a-a908-dfdefcdcbab9,37,21.04,121.84,40.348265047935804,81.4917349520642,2025-10-22 21:57:47
f8d926b2-57ce-47c5-9381-a7055ae4d70f,36,28.31,40.36,53.424488440445295,13.064488440445295,2025-10-22 21:57:48
fda2060a-3dc2-48bc-89b0-f38e6edee3d7,90,22.65,10.19,43.244099939536945,33.05409993953695,2025-10-22 21:57:49
9124f919-8767-47a3-880f-f92675276980,100,19.0,114.32,36.67900841509958,77.6409915849004,2025-10-22 21:57:50
9b787e2f-4415-4e9c-8873-17b7cf1911bf,34,11.84,92.15,23.800637095929297,68.34936290407072,2025-10-22 21:57:51
eb2310a0-9936-439a-b0cf-c6a6e95985c4,66,38.17,37.57,71.15922883248706,33.58922883248706,2025-10-22 21:57:52
5bf08742-8674-47a9-9fb4-2845345def2b,63,24.82,132.27,47.14718174995587,85.12281825004413,2025-10-22 21:57:53
1c3d2c3a-ba48-4467-a5c0-c60293f03220,11,19.37,145.1,37.34451084360419,107.75548915639581,2025-10-22 21:57:54
317a4b82-4ec0-44df-9140-f083faa564bf,76,15.97,34.22,31.22908312221048,2.9909168777895196,2025-10-22 21:57:55
ad8be0a1-38cb-41c5-b4cc-a9d052cfb21f,39,27.38,94.67,51.75173909312289,42.91826090687711,2025-10-22 21:57:56
f12d126a-109f-42cc-a0c8-8d1a275c96a0,65,13.39,31.43,26.58855267479996,4.84144732520004,2025-10-22 21:57:57
31bff715-5396-4328-9e85-9a7c22652325,23,15.45,67.19,30.293782411879672,36.89621758812032,2025-10-22 21:57:58
0df7fa9a-5dc1-47f9-b9e2-9f9f850d3c55,94,29.49,40.29,55.546901590811345,15.256901590811346,2025-10-22 21:57:59
a97d5d7d-0510-4a88-ac9b-f42b9a95ea35,80,45.53,69.96,84.39733119409226,14.437331194092266,2025-10-22 21:58:00
2cf2c13e-67d4-430e-a15f-acf23effd5e7,82,30.61,148.89,57.56139542844692,91.32860457155306,2025-10-22 21:58:01
cb555b35-cf33-4b95-bfb5-d83613636a4d,33,25.39,69.54,48.1724152208954,21.367584779104604,2025-10-22 21:58:02
f724cdcb-5355-4627-bcb5-8951ffb39f4e,25,17.95,77.82,34.790420442316226,43.02957955768377,2025-10-22 21:58:03
8e6da527-5740-449b-b08b-46a71c900ac7,42,40.26,85.16,74.918418225932,10.241581774067996,2025-10-22 21:58:04
08801a25-d1bf-4970-b131-c8b0625cd12a,77,49.71,55.67,91.91570998098217,36.24570998098217,2025-10-22 21:58:05
05e3bd61-dc06-4a2b-9b6a-fc00cdf6ef24,35,2.79,83.26,7.522807425748983,75.73719257425103,2025-10-22 21:58:06
1baf4953-ca92-486e-bd87-a71e40049f98,97,1.05,146.7,4.393147356565144,142.30685264343484,2025-10-22 21:58:07
19ec59f0-1418-485a-bd79-f5d25d789781,55,14.03,49.95,27.739692010591714,22.21030798940829,2025-10-22 21:58:08
6fde4871-a6be-40c2-ae53-daf8765026d6,80,46.18,112.9,85.56645708200575,27.33354291799425,2025-10-22 21:58:09
5b331094-ae2a-497f-92a0-6a0ab178a024,30,18.31,105.08,35.43793631869909,69.64206368130091,2025-10-22 21:58:10
abb4865e-1bac-43fa-8564-7a4e78a40a9f,37,4.26,45.1,10.166830587645675,34.933169412354324,2025-10-22 21:58:11
cb2292f3-8975-4c0b-96eb-1e032e0bdc10,24,16.94,41.36,32.97377867801986,8.386221321980138,2025-10-22 21:58:12
feb0404f-49b0-4c59-b2e8-5be697de00b4,18,43.24,145.95,80.27841075821237,65.67158924178761,2025-10-22 21:58:13
627a26e2-9194-4aea-b7db-dda1ae423aeb,56,11.67,20.57,23.49486570985961,2.92486570985961,2025-10-22 21:58:14
9d5274c3-fa81-478a-a1d6-6ee089d70a05,59,41.42,110.05,77.00485827205456,33.045141727945435,2025-10-22 21:58:15
c738c879-ecb6-434d-9ebd-937786e50834,14,22.97,103.27,43.81966960743282,59.450330392567174,2025-10-22 21:58:16
4f0887a7-84db-4359-b432-4f7318596a66,20,41.13,70.61,76.48324826052394,5.873248260523937,2025-10-22 21:58:17
4d2c6fde-b194-4313-840d-674c94185ded,79,22.8,77.64,43.513898221363135,34.126101778636865,2025-10-22 21:58:18
cedc9e50-2410-4787-a978-3317b1061c48,8,43.47,45.04,80.69210145701254,35.65210145701254,2025-10-22 21:58:19
da8cba42-fc60-4965-a8c0-735684f5c4c3,15,3.31,27.07,8.458108136079787,18.611891863920214,2025-10-22 21:58:20
970f55f8-3ae2-4232-aeed-97f12cc24008,30,48.3,74.29,89.37960613181595,15.089606131815941,2025-10-22 21:58:21
f169b718-a236-4ce0-ae67-98eb70f9e33c,78,2.51,40.84,7.019183966340089,33.820816033659916,2025-10-22 21:58:22
3e399ec1-de4e-46d2-8625-91aad5d8371e,29,4.08,26.38,9.843072649454244,16.536927350545753,2025-10-22 21:58:23
321cca17-9c94-45ed-ba96-2f302b9d522d,98,27.64,76.65,52.2193894482883,24.43061055171171,2025-10-22 21:58:24
8c8b08dc-7c56-41d6-bba6-25732878ea13,58,27.81,37.34,52.52516083435798,15.18516083435798,2025-10-22 21:58:25
d3afbd26-2113-43b7-80e1-fccbafa8be29,83,16.98,73.72,33.04572488650685,40.67427511349315,2025-10-22 21:58:26
cea072b9-9f42-4148-a6cc-53463b43c3c8,80,7.95,56.27,16.803868320570025,39.46613167942998,2025-10-22 21:58:27
e351aa7e-6e73-4fbb-9e7e-f25502cf0076,83,41.41,90.6,76.98687171993281,13.613128280067187,2025-10-22 21:58:28
e384abeb-ed48-48af-ac0d-39db71ed0c36,49,5.31,32.04,12.055418560429025,19.984581439570974,2025-10-22 21:58:29
8d6bc32a-1b6b-442d-8877-996c45482619,19,31.97,35.48,60.0075665170044,24.527566517004402,2025-10-22 21:58:30
c00e389f-c805-464a-b71a-9c7c7bc10537,55,27.69,131.66,52.30932220889703,79.35067779110297,2025-10-22 21:58:31
9d749bb9-8381-4e3e-8849-06a59b47b462,96,14.72,140.78,28.980764106992204,111.79923589300779,2025-10-22 21:58:32
20e10784-3ef7-437b-9193-e65aae8b158f,30,9.99,68.53,20.47312495340625,48.05687504659375,2025-10-22 21:58:33
acab5213-31ce-4c9a-b678-6898289bdae0,33,32.83,19.81,61.55440999947457,41.74440999947457,2025-10-22 21:58:34
857f4c37-8c14-4746-8ca8-826c935b3422,23,23.61,65.17,44.970808943224576,20.199191056775426,2025-10-22 21:58:35
4d4ab3a5-fe30-4b84-a3f5-334088423cd0,48,3.07,64.82,8.026430885157877,56.793569114842114,2025-10-22 21:58:36
dba6e9df-edd2-491b-9ef8-6ea4c77111b5,69,18.96,109.14,36.607062206612596,72.5329377933874,2025-10-22 21:58:37
29a88d38-6f98-4616-8ddc-9adfec3f82de,34,27.07,46.16,51.194155977348764,5.034155977348767,2025-10-22 21:58:38
472505ae-46bc-4364-9b87-a6c614f740dc,17,29.11,110.36,54.86341261018499,55.49658738981501,2025-10-22 21:58:39
fa5cd57c-300c-4991-bdae-7901d441f0e8,71,25.07,96.37,47.596845552999525,48.77315444700048,2025-10-22 21:58:40
c14d8fdb-7bdc-44a2-884c-ce6eb16ca587,14,43.86,88.67,81.39357698976063,7.27642301023937,2025-10-22 21:58:41
3566b71c-4b60-4a5f-ad17-afec9d764bdf,89,15.84,109.09,30.995257944627777,78.09474205537222,2025-10-22 21:58:42
ffb2963b-b0e7-490f-ab5e-7fa7cc8facaa,55,26.76,46.52,50.636572861574635,4.116572861574632,2025-10-22 21:58:43
bd2bd8f2-1aa1-435a-b6f8-54ccb4819664,38,29.14,66.27,54.91737226655023,11.352627733449765,2025-10-22 21:58:44
be5a048a-06f8-47ea-b13c-176eb930645a,7,19.17,46.62,36.98477980116927,9.63522019883073,2025-10-22 21:58:45
f5684ad9-bd6f-4787-a31a-c1c26d896c32,72,44.17,55.84,81.95116010553477,26.111160105534765,2025-10-22 21:58:46
af7ba387-f15c-4425-b9e5-eab8dbfa7d51,81,39.62,142.2,73.76727889014025,68.43272110985974,2025-10-22 21:58:47
e5b44da7-91dd-48d0-a448-5bf12b5d86b8,6,12.52,104.15,25.023722640208035,79.12627735979197,2025-10-22 21:58:48
6c10f181-65b7-4dbc-b6b2-1f0e092968b6,76,7.45,76.89,15.904540714482714,60.98545928551729,2025-10-22 21:58:49
fdaeaf1b-e170-417d-b006-058fe0e0c4cf,49,1.15,108.22,4.573012877782606,103.6469871222174,2025-10-22 21:58:50
8a78994b-fdf5-4fc4-8235-0e81ccb85216,72,8.06,124.34,17.001720393909235,107.33827960609077,2025-10-22 21:58:51
ef757bcb-2c77-441f-b7bb-168c5cafd274,6,8.29,41.75,17.415411092709395,24.334588907290605,2025-10-22 21:58:52
378b0c2b-d6dc-47ab-aceb-02b938e2daeb,59,3.22,136.44,8.29622916698407,128.14377083301594,2025-10-22 21:58:53
f4c16394-2f9e-4458-97e5-552c483436c1,76,16.56,139.04,32.290289697393504,106.74971030260649,2025-10-22 21:58:54
a89acbe1-6443-43b0-a9db-34321a016e85,64,12.14,87.02,24.34023365958168,62.67976634041831,2025-10-22 21:58:55
93a4587b-3be6-4300-a29e-9db248075e93,26,24.69,92.32,46.913356572373175,45.40664342762682,2025-10-22 21:58:56
74df9366-f7f6-4205-a5c9-f6bc01cc347b,99,25.41,17.79,48.2083883251389,30.4183883251389,2025-10-22 21:58:57
54da6d75-f074-434e-b298-d385c46c5a67,70,33.82,22.56,63.335078659527454,40.77507865952745,2025-10-22 21:58:58
d173a493-421f-46dd-9a33-d892340fa222,54,28.39,82.36,53.568380857419264,28.791619142580736,2025-10-22 21:58:59
65a7080d-eaa4-4100-92b4-8d7697adfcfa,14,16.52,76.19,32.21834348890652,43.97165651109348,2025-10-22 21:59:00
643d9fd6-9537-4bf2-8696-aad7c2f838db,43,31.21,76.36,58.64058855575169,17.71941144424831,2025-10-22 21:59:01
4f580454-37a9-4d5f-be25-fcbbd7c94f4a,79,46.42,88.21,85.99813433292766,2.211865667072331,2025-10-22 21:59:02
c5921be0-e7c1-40af-ae4b-b9d2f5956d9a,91,15.08,36.87,29.628279983375066,7.241720016624932,2025-10-22 21:59:03
4ebe12ba-559c-48a0-a42d-3681f4d45a05,21,35.43,109.94,66.23091355112858,43.70908644887142,2025-10-22 21:59:04
b206aba5-e211-49fe-8d43-d1dc009f14cb,56,13.36,124.5,26.534593018434716,97.96540698156528,2025-10-22 21:59:05
560e34b2-8b95-4b04-8e4f-84eb42502a64,47,41.19,12.28,76.5911675732544,64.3111675732544,2025-10-22 21:59:06
a10f8ce4-083c-4e26-9afe-7d17d394887d,34,37.85,59.31,70.58365916459117,11.273659164591166,2025-10-22 21:59:07
eafbd047-a68d-4196-8f80-a6290cc6b3ce,20,2.31,67.17,6.659452923905166,60.51054707609484,2025-10-22 21:59:08
0e85f764-0013-4049-8869-9fe69c8d072f,86,28.6,108.8,53.946098451975935,54.85390154802406,2025-10-22 21:59:09
e6dce4c6-37e8-441e-bd4b-82873bb54d7b,80,49.27,117.47,91.12430168762533,26.345698312374665,2025-10-22 21:59:10
b90a6520-9adc-49d6-87c2-6cae3a2025ea,97,24.63,9.91,46.80543725964269,36.89543725964269,2025-10-22 21:59:11
fc62e573-1c50-4c09-9f59-c63a8f8c7708,67,6.58,115.39,14.339710679890795,101.0502893201092,2025-10-22 21:59:12
cb51c2d7-72a4-4736-b547-fbd7447bd5a4,18,21.2,57.16,40.63604988188374,16.523950118116254,2025-10-22 21:59:13
4049ce31-8824-4efd-b6e8-8fbb246323d8,3,46.45,19.01,86.05209398929291,67.04209398929291,2025-10-22 21:59:14
6242818a-25c1-43be-93c5-64c4af0bcc6a,34,33.18,120.97,62.18393932373569,58.786060676264306,2025-10-22 21:59:15
7a865689-20b9-4f0d-997c-a01b0c7ddb22,78,1.94,87.74,5.993950495400556,81.74604950459944,2025-10-22 21:59:16
4dfce629-2b6b-49ae-9c47-eee082a9357c,37,15.52,50.74,30.419688276731897,20.320311723268105,2025-10-22 21:59:17
1f5ffd15-198d-41f0-8bfa-2d2598c120f3,83,15.87,53.03,31.049217600993014,21.980782399006987,2025-10-22 21:59:18
157f314e-c58b-4e20-b97e-6be9920734c1,30,9.99,100.43,20.47312495340625,79.95687504659375,2025-10-22 21:59:19
ad8a8f40-ccf8-4561-b51e-70248e471013,82,28.46,86.71,53.69428672227149,33.0157132777285,2025-10-22 21:59:20
c8ae9824-bd47-4b95-970c-426c7d0b46e6,70,24.13,145.8,45.90610965355538,99.89389034644464,2025-10-22 21:59:21
ad7c5d14-b7d5-45f4-a5b1-94fa56c2c1ad,48,49.0,50.36,90.63866478033819,40.27866478033819,2025-10-22 21:59:22
a6e01b01-e547-4460-99f4-3b0299c5ebda,18,5.05,84.0,11.587768205263623,72.41223179473637,2025-10-22 21:59:23
ca78d1aa-348f-4664-baac-2553cd11c4f8,54,8.39,22.6,17.59527661392686,5.004723386073142,2025-10-22 21:59:24
d21a4c3c-cb5d-4361-a9bb-2b144fc65e0d,3,5.98,117.66,13.260517552586021,104.39948244741397,2025-10-22 21:59:25
022fa60e-8fbd-4ba0-ae2a-a285bbe1ffc8,50,30.19,119.23,56.80596023933358,62.424039760666425,2025-10-22 21:59:26
e2bf60cc-98f3-4630-a54d-1d3116acc0c7,66,31.44,27.84,59.05427925455186,31.214279254551858,2025-10-22 21:59:27
11501750-5613-4395-b933-c78991b1d46d,72,39.61,51.65,73.7492923380185,22.099292338018508,2025-10-22 21:59:28
f67b58ca-40c1-4601-8d41-f07f51f530a5,24,44.21,133.46,82.02310631402176,51.43689368597825,2025-10-22 21:59:29
bfb3c451-71f5-46e8-a330-5fb2605ea913,10,14.09,21.94,27.84761132332219,5.90761132332219,2025-10-22 21:59:30
c8b922d6-7218-4ea2-9c5d-241d01554ccc,81,17.61,99.46,34.17887767017685,65.28112232982315,2025-10-22 21:59:31
f401aa0b-d4ab-46de-b515-8282a8aadfbf,41,19.24,141.67,37.11068566602149,104.5593143339785,2025-10-22 21:59:32
67a067bd-d7ed-40b6-96ac-a83dbe8f4e92,18,22.71,62.19,43.352019252267425,18.837980747732573,2025-10-22 21:59:33
4c3af1fb-dad7-4958-8a77-afb6e6d923d3,74,6.96,65.84,15.023199660517149,50.81680033948285,2025-10-22 21:59:34
dea61654-4457-4712-96ad-ef383f866469,85,28.52,82.75,53.802206035001966,28.947793964998034,2025-10-22 21:59:35
5845f055-c622-4d00-ad93-40f8f31555d9,31,34.59,139.16,64.72004317290191,74.43995682709809,2025-10-22 21:59:36
b75745c8-2e3c-4079-997a-75b1f5b5b1af,13,14.74,30.28,29.016737211235696,1.2632627887643046,2025-10-22 21:59:37
a6233cc4-2c4d-4147-b2ee-3ae2ae80329d,100,49.22,102.44,91.0343689270166,11.405631072983397,2025-10-22 21:59:38
5b948c3e-8b3c-4c29-8b3a-6013314f222b,36,29.2,73.03,55.025291579280704,18.004708420719297,2025-10-22 21:59:39
ac717804-704b-493b-875d-a237bdc48be3,47,11.16,15.29,22.577551551650554,7.287551551650555,2025-10-22 21:59:40
13e506ff-2149-42e0-8d79-47df476d4009,22,25.62,32.82,48.58610591969557,15.766105919695569,2025-10-22 21:59:41
ab694e0f-9fec-4741-ba29-89cccfb1937a,91,26.59,60.85,50.33080147550495,10.519198524495053,2025-10-22 21:59:42
75f78391-7b26-4b74-b1e5-17dd7be19c18,42,33.84,45.3,63.37105176377095,18.071051763770953,2025-10-22 21:59:43
cac70ced-291e-4f33-99e8-8702b4a5f350,75,49.58,136.76,91.68188480339947,45.07811519660052,2025-10-22 21:59:44
c9b03802-8203-402b-a70f-451be59708ce,97,33.02,17.37,61.89615448978776,44.52615448978776,2025-10-22 21:59:45
dadbbbd5-8f4c-461d-a181-d78e0c7e8f89,82,1.56,42.17,5.3104615147742,36.8595384852258,2025-10-22 21:59:46
eccc3322-cc58-4bb6-9e4b-0f29f4913250,24,40.15,24.94,74.7205661525928,49.7805661525928,2025-10-22 21:59:47
913fc86f-3b53-41ca-8644-44afc0de3d57,19,10.16,98.05,20.778896339475935,77.27110366052406,2025-10-22 21:59:48
0ba98526-c0e6-47db-a919-f0e72a92c201,82,9.3,44.48,19.232052857005762,25.247947142994235,2025-10-22 21:59:49
01b885b2-21ce-4880-b4c1-1ebd6f2db51c,27,45.92,84.18,85.09880672684037,0.9188067268403586,2025-10-22 21:59:50
3697072f-4996-471f-8aaa-8eb2b571c98c,35,25.36,31.78,48.118455564530166,16.338455564530165,2025-10-22 21:59:51
87262987-b07b-4fbc-a21b-e6bd496c687e,93,39.61,133.89,73.7492923380185,60.14070766198148,2025-10-22 21:59:52
24bc5528-1d68-457f-b6ff-869d507b2a31,57,2.63,37.39,7.2350225918010445,30.154977408198956,2025-10-22 21:59:53
f1415c78-fe50-423d-b89a-f9742c93588a,71,18.04,122.59,34.95229941141194,87.63770058858806,2025-10-22 21:59:54
8a6d223b-dca2-4fd0-9166-e8ee414ce5d1,42,11.55,125.84,23.279027084398656,102.56097291560135,2025-10-22 21:59:55
de91628a-2f63-484f-a28d-f37cd49ac5e1,24,36.99,44.11,69.036815682121,24.926815682121003,2025-10-22 21:59:56
91f0177a-825a-43ce-b102-0b65048cbea2,64,34.89,12.12,65.25963973655429,53.139639736554294,2025-10-22 21:59:57
c45e2d3a-f1d2-437c-a3fb-5c660790bf19,48,7.83,54.75,16.58802969510907,38.16197030489093,2025-10-22 21:59:58
b859bde2-7325-4fdc-a359-96de15a4e52b,56,4.25,84.52,10.148844035523929,74.37115596447606,2025-10-22 21:59:59
4ef5f54e-adff-4681-a65b-37c4b559476f,49,24.31,70.14,46.22986759174681,23.91013240825319,2025-10-22 22:00:00
dcbf241d-f43e-4a9c-bc2c-551b1cf80cca,32,29.95,144.56,56.37428298841167,88.18571701158834,2025-10-22 22:00:01
bea862fd-9441-424d-a768-ffff2c2484ef,78,4.66,84.6,10.886292672515523,73.71370732748447,2025-10-22 22:00:02
36c5cc28-2681-4df7-b036-5d9446229df5,38,36.13,5.02,67.48997219965082,62.469972199650826,2025-10-22 22:00:03
8183feb9-8090-4fd2-9df4-6db5fe8910c5,78,17.8,145.61,34.520622160490035,111.08937783950998,2025-10-22 22:00:04
30b70a37-d649-4e5a-815f-fcf0dd909dae,37,36.73,77.47,68.56916532695558,8.900834673044415,2025-10-22 22:00:05
af319fa8-ebb3-44b0-8db9-ac4865f702dd,23,1.45,21.5,5.1126094414349925,16.38739055856501,2025-10-22 22:00:06
beffa04a-87a3-4dbf-89d7-dddc261748d1,68,22.4,98.16,42.79443613649329,55.36556386350671,2025-10-22 22:00:07
e47e5a4d-9c10-461a-80e8-e13109c45f2c,91,9.95,134.32,20.401178744919264,113.91882125508073,2025-10-22 22:00:08
9b59d196-f32c-43bc-8c45-38e238bc09c3,18,31.05,72.85,58.35280372180375,14.497196278196242,2025-10-22 22:00:09
ac43ca1d-d4e5-4b13-afb2-44e2fd856a3f,47,9.01,115.13,18.71044284547512,96.41955715452488,2025-10-22 22:00:10
026727e6-f8d1-4ece-adff-723c850df13f,91,27.0,99.78,51.06825011249654,48.71174988750346,2025-10-22 22:00:11
e4e74c6e-a1ec-41f9-b23e-c932bed02c07,31,42.16,140.65,78.33586312906378,62.314136870936224,2025-10-22 22:00:12
b29f27b1-5165-4194-bf1e-755a0e3bff75,86,10.34,74.17,21.102654277667366,53.06734572233263,2025-10-22 22:00:13
ee55242d-487f-4353-9be3-91db7abe8bf8,40,12.75,111.03,25.4374133390082,85.5925866609918,2025-10-22 22:00:14
0c740a17-777a-47d5-8959-2a7029b5ed6b,29,38.1,77.11,71.03332296763483,6.076677032365168,2025-10-22 22:00:15
6fd0ec8b-9e45-4958-a943-71046f730c06,40,36.56,69.31,68.26339394088592,1.046606059114083,2025-10-22 22:00:16
b7cc793c-1ce8-4804-83a8-665cf5a0c86b,4,30.85,130.38,57.99307267936883,72.38692732063117,2025-10-22 22:00:17
14d3f184-2672-4887-866d-80f158932186,19,28.94,16.55,54.55764122411531,38.007641224115304,2025-10-22 22:00:18
44fb34df-b577-4db8-9c25-d989b0b23340,91,14.31,111.74,28.24331547000061,83.49668452999938,2025-10-22 22:00:19
9615b14b-1470-4920-bf6f-403b68438e27,56,23.35,127.72,44.50315858805918,83.21684141194082,2025-10-22 22:00:20
b44cc274-7d96-44ac-bee9-c547bb33ab9d,36,21.18,89.34,40.600076777640254,48.73992322235975,2025-10-22 22:00:21
e3d6ca82-5722-432a-88d5-c8d25a836a1c,44,47.78,23.6,88.44430542148515,64.84430542148516,2025-10-22 22:00:22
0a93ca93-0272-4f4e-b774-92ebc93c59c7,63,35.01,148.99,65.47547836201524,83.51452163798477,2025-10-22 22:00:23
e064ac28-e57f-4937-8876-73c33c8c9bf3,94,12.71,77.11,25.365467130521218,51.74453286947878,2025-10-22 22:00:24
69de948b-70d4-4e49-a363-d42f493426b0,34,13.03,70.17,25.94103679841709,44.228963201582914,2025-10-22 22:00:25
7e59d6a7-fc40-45a5-a909-c687dde57884,81,2.73,146.71,7.414888113018506,139.2951118869815,2025-10-22 22:00:26
20302a95-2f39-404b-9646-29c1fc7e6f3d,72,31.17,109.86,58.56864234726471,51.291357652735286,2025-10-22 22:00:27
c22eec49-413d-48ca-9956-c35abaadc5ab,76,13.74,86.19,27.218081999061074,58.97191800093893,2025-10-22 22:00:28
3e4250cf-baa4-4cfd-a43b-71a92ffdf3ec,49,13.04,100.26,25.95902335053884,74.30097664946116,2025-10-22 22:00:29
31436bf7-c7a1-4767-85ee-ac0cc73aaf61,87,16.3,79.74,31.822639342228104,47.917360657771894,2025-10-22 22:00:30
5a788740-ed22-4f53-84ce-eca90a140c4e,50,37.61,134.1,70.15198191366926,63.948018086330734,2025-10-22 22:00:31
e25bb6b8-d92e-47de-a3cd-84cf59147b2e,49,11.78,144.78,23.692717783198816,121.08728221680119,2025-10-22 22:00:32
7327bd9c-e8c1-4324-8495-0e18324898d3,30,11.99,45.13,24.07043537775549,21.059564622244512,2025-10-22 22:00:33
30d60b4a-a4e1-4551-bb5e-f787bba03be0,46,12.62,132.38,25.203588161425497,107.1764118385745,2025-10-22 22:00:34
7e03f3b0-d403-457f-b11a-135f3841cc33,9,39.24,35.16,73.0837899095139,37.9237899095139,2025-10-22 22:00:35
ed0566ff-1aed-4a38-b5af-476b07dcc5ec,24,9.71,146.74,19.969501493997356,126.77049850600265,2025-10-22 22:00:36
116be782-3bfa-4867-98df-52a38ee4a602,1,19.14,18.05,36.93082014480403,18.88082014480403,2025-10-22 22:00:37
142f8805-3afa-4501-9c76-0dc3d4f7e691,93,2.82,70.02,7.5767670821142215,62.44323291788577,2025-10-22 22:00:38
345c048f-4f8b-4fb6-a502-6c03025e51ef,36,12.41,25.01,24.82587056686883,0.18412943313117225,2025-10-22 22:00:39
b694da42-f0dc-4c85-bbc6-b32998845cce,9,28.88,58.06,54.44972191138483,3.610278088615175,2025-10-22 22:00:40
745da399-0d94-407b-be26-e1b2bee2a4f7,67,11.65,90.58,23.458892605616118,67.12110739438388,2025-10-22 22:00:41
21ed5228-6960-4f33-a14d-53a446e3f1c4,74,12.76,107.21,25.455399891129947,81.75460010887005,2025-10-22 22:00:42
adffa4ed-74a2-4b97-bed7-ff9e9cb5393c,51,20.37,33.71,39.14316605577881,5.433166055778813,2025-10-22 22:00:43
4cb4536c-1540-4244-94ec-cb7c266b082e,77,13.84,136.53,27.397947520278535,109.13205247972147,2025-10-22 22:00:44
ac48b90a-5339-40ad-93a7-5e018e4b2253,8,31.11,109.02,58.46072303453423,50.55927696546576,2025-10-22 22:00:45
be9573e0-edb4-4b8d-9b46-4509672bfcba,76,33.63,55.19,62.99333416921428,7.803334169214281,2025-10-22 22:00:46
ba2f905b-b2b3-46a0-a783-1a92ecab85a5,18,15.95,41.14,31.193110017966983,9.946889982033017,2025-10-22 22:00:47
b15b3412-a06d-4b05-9f63-5009c779445a,27,22.27,60.68,42.56061095891059,18.119389041089413,2025-10-22 22:00:48
788e5471-279b-43d0-95bc-5c972ae54f65,87,14.62,58.03,28.80089858577474,29.229101414225262,2025-10-22 22:00:49
b8fef5a9-0506-4f78-a24e-4978e7f76f34,24,5.62,134.11,12.613001676203158,121.49699832379686,2025-10-22 22:00:50
6b153ac1-3582-440a-8fdd-d702815b1447,90,30.45,30.03,57.27361059449898,27.243610594498982,2025-10-22 22:00:51
5fa84d15-7e31-4b7e-86dc-0036d8bbf9bc,15,4.75,77.3,11.048171641611239,66.25182835838876,2025-10-22 22:00:52
f26572e4-cdbb-407b-b6f7-9eddb5c60718,64,45.24,93.08,83.87572118256162,9.204278817438379,2025-10-22 22:00:53
6f144835-43ce-4db6-8a40-36ba53da747d,83,16.39,119.95,31.984518311323818,87.96548168867619,2025-10-22 22:00:54
679b76db-0373-43c2-8e0f-76439bcac3c7,5,44.66,32.67,82.83250115950032,50.16250115950032,2025-10-22 22:00:55
43a6134c-378a-456f-9a08-63e9d262cfa3,80,38.19,43.74,71.19520193673054,27.45520193673054,2025-10-22 22:00:56
cdfe878a-a321-4faf-90db-e2440247e866,21,44.34,53.37,82.25693149160446,28.886931491604464,2025-10-22 22:00:57
e1577bce-db61-40cb-8733-c060ae6431f9,51,49.04,139.56,90.71061098882517,48.849389011174836,2025-10-22 22:00:58
9a8e363b-3652-4ced-86de-ae0a9f9dd45a,32,36.06,44.63,67.36406633479861,22.734066334798605,2025-10-22 22:00:59
219c7646-d450-468c-8644-91eb16d021a7,98,42.15,136.2,78.31787657694204,57.88212342305795,2025-10-22 22:01:00
b60c9d68-f531-4bea-b271-44cb59d905f3,6,28.86,16.53,54.41374880714133,37.88374880714133,2025-10-22 22:01:01
dae08f94-187c-40ea-8399-cf5ef0792a00,82,9.96,76.3,20.419165297041012,55.880834702958985,2025-10-22 22:01:02
524611ae-c0fa-45db-b596-dc7546e08ea4,36,7.99,120.79,16.87581452905701,103.914185470943,2025-10-22 22:01:03
ed2bdf71-0e0f-4da3-be73-a8187620e844,9,47.9,129.42,88.6601440469461,40.759855953053886,2025-10-22 22:01:04
ef48575b-73d4-46a2-b706-6528104db53d,65,43.52,25.82,80.78203421762127,54.96203421762127,2025-10-22 22:01:05
ab06a3bc-e1cf-4642-82cb-0637e2574fd7,3,24.37,30.24,46.33778690447729,16.097786904477292,2025-10-22 22:01:06
71fddcd3-99fb-463d-8600-98067f7c81c5,92,15.57,116.47,30.50962103734063,85.96037896265938,2025-10-22 22:01:07
a70e9c26-b651-48d0-b376-8ec8d92105d9,61,20.77,17.14,39.86262814064866,22.72262814064866,2025-10-22 22:01:08
ec20cb59-2e37-414d-92eb-5792a70a30e0,67,40.78,44.68,75.85371893626281,31.17371893626281,2025-10-22 22:01:09
ffa61fc4-5c4c-4cd9-b5b5-fddd92ecd06c,62,3.52,115.42,8.835825730636456,106.58417426936354,2025-10-22 22:01:10
dcb93a01-cd78-4252-ad8a-7d86fbd6a8f5,91,27.89,26.78,52.66905325133195,25.88905325133195,2025-10-22 22:01:11
dbd3895a-928b-455a-8562-39577384f459,68,30.86,99.42,58.01105923149058,41.408940768509424,2025-10-22 22:01:12
8fa68b0b-ca63-42b5-b57d-e36164692a43,12,27.76,138.3,52.43522807374926,85.86477192625075,2025-10-22 22:01:13
d3cf2ca8-4f74-403b-901a-01c032c3a39b,99,19.84,81.11,38.18987879332626,42.92012120667374,2025-10-22 22:01:14
239e8977-4487-432b-8b54-b26bbac0a340,67,18.19,83.24,35.22209769323814,48.017902306761854,2025-10-22 22:01:15
237d784f-cc8f-4bf7-a092-13c1be22eabd,28,48.56,78.42,89.84725648698135,11.42725648698135,2025-10-22 22:01:16
57fd5326-e536-470e-930e-2ddc86f9f069,55,16.89,6.73,32.88384591741113,26.15384591741113,2025-10-22 22:01:17
f3d11a85-42d3-46f8-9f6d-7191f6ea1d53,82,31.86,106.9,59.80971444366519,47.09028555633481,2025-10-22 22:01:18
cec001d3-9157-4240-8603-25304671688a,57,38.29,59.44,71.375067457948,11.935067457948008,2025-10-22 22:01:19
09dc6365-c71d-4b65-91f1-809e815ecf58,21,49.54,72.71,91.60993859491248,18.899938594912484,2025-10-22 22:01:20
89e4f92c-47c6-454e-9689-fea9fafa0ab0,10,36.99,96.63,69.036815682121,27.593184317878993,2025-10-22 22:01:21
04eb22d0-5585-45d5-9943-c00bddca234e,50,41.4,70.55,76.96888516781107,6.418885167811069,2025-10-22 22:01:22
ce3c4913-cfc5-4fe5-8ab8-80a25e7cec33,53,15.66,50.08,30.671500006436347,19.40849999356365,2025-10-22 22:01:23
78167d7b-6e15-46b0-b58c-3175c685e109,99,10.24,127.77,20.922788756449904,106.84721124355009,2025-10-22 22:01:24
08d2999c-c7a2-4c61-ae6a-9d374a680b0d,15,3.29,147.68,8.422135031836294,139.25786496816372,2025-10-22 22:01:25
9e7ac5ad-8939-4929-9b81-2d2defcb1e12,47,12.72,147.15,25.383453682642962,121.76654631735704,2025-10-22 22:01:26
62315461-5770-4ad1-81c8-97a8d960e060,18,4.94,8.67,11.389916131924418,2.7199161319244176,2025-10-22 22:01:27
a72eef40-9408-441e-9fc3-74eaca4edf71,89,36.62,87.8,68.37131325361638,19.42868674638362,2025-10-22 22:01:28
b8fc4c51-c23e-4e05-82e2-e86a52526ca9,64,22.94,37.39,43.765709951067585,6.375709951067584,2025-10-22 22:01:29
efabbba0-e2f3-4af2-a86e-e4594ac55def,22,45.83,90.01,84.93692775774464,5.073072242255364,2025-10-22 22:01:30
1aac4641-4642-47cc-a5cd-0503ba3049fe,94,11.27,122.9,22.77540362498976,100.12459637501024,2025-10-22 22:01:31
65ad123d-7fbf-4916-a656-fb561f77da47,95,9.23,89.45,19.106146992153537,70.34385300784646,2025-10-22 22:01:32
4bcdfff6-7543-46cf-ae07-69b7c39f39c9,85,43.3,93.54,80.38633007094285,13.153669929057159,2025-10-22 22:01:33
e24a54ee-4053-4a64-9119-bcfff6f14e79,57,48.32,100.08,89.41557923605944,10.664420763940555,2025-10-22 22:01:34
bbaef75b-c9c0-4390-9f31-abde99070b59,89,23.72,22.37,45.16866101656379,22.798661016563788,2025-10-22 22:01:35
5a7c844b-6b0e-42e9-bf6c-8b524381b8c7,90,33.81,15.28,63.317092107405706,48.037092107405705,2025-10-22 22:01:36
b7bfe2b5-5c8e-47e8-9d17-58216ef44a15,28,37.85,94.73,70.58365916459117,24.146340835408836,2025-10-22 22:01:37
b25c7954-3789-482d-9275-b29930487f30,54,3.44,16.59,8.691933313662487,7.898066686337513,2025-10-22 22:01:38
b15c9897-1e97-49b4-8458-085b905f7389,54,39.92,114.22,74.30687545379264,39.91312454620736,2025-10-22 22:01:39
020a6709-d5a2-4a79-98b8-aafb77bb3a80,9,30.43,21.86,57.23763749025549,35.37763749025549,2025-10-22 22:01:40
d2c2c140-7216-4656-9b3c-e5e60dcc1572,51,40.73,85.51,75.76378617565408,9.74621382434593,2025-10-22 22:01:41
13f79bc1-1644-4e18-9a46-ab0bfab316b1,43,36.36,122.93,67.90366289845099,55.02633710154902,2025-10-22 22:01:42
569a3bdf-77d3-4a22-b880-50949b04e584,8,17.0,50.1,33.081697990750335,17.018302009249666,2025-10-22 22:01:43
073ee54d-9dc4-409d-abe2-89aefb430706,23,3.38,109.88,8.58401400093201,101.29598599906798,2025-10-22 22:01:44
aacd7e6d-3108-4f24-8b52-b5e5afdf0291,5,25.52,104.56,48.406240398478104,56.1537596015219,2025-10-22 22:01:45
e33af67f-9d59-4ab5-b7f3-5f71629ef2f5,36,7.05,146.29,15.185078629612864,131.10492137038713,2025-10-22 22:01:46
88ed249f-e73e-4a21-92f5-f03d8f702118,50,5.31,119.26,12.055418560429025,107.20458143957097,2025-10-22 22:01:47
e94a3b1d-2359-486e-b322-6025f978535d,76,46.68,86.93,86.46578468809307,0.46421531190694054,2025-10-22 22:01:48
d8da6c76-b460-4f26-9aa3-371c2dbef82d,51,6.6,98.78,14.375683784134285,84.40431621586572,2025-10-22 22:01:49
53483ac4-ebb4-4608-9b9e-f6889db3cd4c,93,18.02,53.41,34.916326307168454,18.493673692831543,2025-10-22 22:01:50
e24cc9b1-6adb-414b-bfd2-931f42afb9db,54,6.79,30.02,14.717428274447464,15.302571725552536,2025-10-22 22:01:51
97d4f4ec-b7d5-4b95-81e0-3d7e2707cb6a,91,10.52,51.11,21.426412215858797,29.683587784141203,2025-10-22 22:01:52
3cd8a129-fcba-46e9-be1d-6ef986bde47c,8,19.38,83.05,37.36249739572593,45.687502604274066,2025-10-22 22:01:53
e8efb87b-2804-465c-869b-51c817c898ad,36,11.99,143.41,24.07043537775549,119.33956462224451,2025-10-22 22:01:54
b74e272f-f074-41ce-a4d9-dd4da461a7ef,68,40.78,89.93,75.85371893626281,14.076281063737198,2025-10-22 22:01:55
0bfee33e-c0a3-4a21-8f53-5c42c89be3ea,2,34.79,18.05,65.07977421533683,47.02977421533683,2025-10-22 22:01:56
731d400c-4a38-4868-8362-b0226dbbd103,4,32.66,5.36,61.248638613404886,55.888638613404886,2025-10-22 22:01:57
4bc9aaf9-60fa-4330-807e-27b095f6f661,46,6.28,146.65,13.800114116238408,132.8498858837616,2025-10-22 22:01:58
f5fae1f5-b82b-4773-b0ee-355f20a359a6,49,5.21,86.0,11.875553039211564,74.12444696078843,2025-10-22 22:01:59
d2f34fc7-a3d8-441a-ba66-e71fb1fe9c93,10,16.91,79.06,32.919819021654625,46.14018097834538,2025-10-22 22:02:00
1116c4ba-c8c8-46d4-82f4-dbc62f624861,42,18.88,108.22,36.46316978963863,71.75683021036137,2025-10-22 22:02:01
513858ba-b5d6-43fe-ad49-fce24ee06e16,27,36.61,69.1,68.35332670149464,0.7466732985053568,2025-10-22 22:02:02
931bb7d5-c093-4da8-9898-f458b5b25c11,67,17.39,29.62,33.78317352349844,4.16317352349844,2025-10-22 22:02:03
77ef8806-75c3-4017-9cc1-ed722795d888,19,28.99,43.46,54.64757398472403,11.187573984724033,2025-10-22 22:02:04
501bc1ef-0239-4788-941d-571bb6bf37ed,74,12.03,68.37,24.14238158624247,44.22761841375753,2025-10-22 22:02:05
41704687-e1f1-45fa-9aea-f470da2e0b9c,77,29.58,145.47,55.70878055990706,89.76121944009293,2025-10-22 22:02:06
4116b9cf-7859-4f0e-b579-be86d144c8ad,15,23.98,101.31,45.63631137172919,55.67368862827081,2025-10-22 22:02:07
add8ca5f-bb5e-4df4-bb3f-b670d7dc0879,97,30.99,69.34,58.24488440907327,11.095115590926731,2025-10-22 22:02:08
b2897ec0-7d04-4a85-8544-2b4f946b365e,47,9.57,73.88,19.71768976429291,54.16231023570708,2025-10-22 22:02:09
44aaebc5-ef26-4f11-9e93-913fd32b89e8,53,25.96,141.91,49.197648691834935,92.71235130816507,2025-10-22 22:02:10
42cab985-4c39-46eb-ac9e-ea02698d3b65,17,3.91,41.9,9.537301263384558,32.36269873661544,2025-10-22 22:02:11
1caa34fe-b41a-4bfd-b10c-d00dfb326ebc,5,31.07,57.92,58.38877682604725,0.4687768260472467,2025-10-22 22:02:12
f3a68ce0-09c6-46e6-abc6-025e4f499549,38,32.83,129.5,61.55440999947457,67.94559000052543,2025-10-22 22:02:13
b9c385a5-6b65-47a6-b30f-42aa76e533ca,35,18.66,105.06,36.06746564296021,68.9925343570398,2025-10-22 22:02:14
d3cf3b2c-b9ca-44e7-852e-71f4b54d6737,28,40.68,57.27,75.67385341504534,18.40385341504534,2025-10-22 22:02:15
1d843407-4373-4a7a-8cf2-dffd8abda7ef,45,24.59,48.62,46.73349105115571,1.8865089488442877,2025-10-22 22:02:16
79e80af6-ebf0-4e24-be68-99a895eaeed1,72,20.52,114.34,39.412964337605004,74.927035662395,2025-10-22 22:02:17
2a22e7c4-b2fa-4588-8064-907b07f450d5,43,46.05,126.97,85.33263190442305,41.637368095576946,2025-10-22 22:02:18
db081e12-4d14-4390-888b-1d08df1de007,10,25.36,60.4,48.118455564530166,12.281544435469833,2025-10-22 22:02:19
4cae1396-fad0-4e06-a4df-9a9965ff6a86,71,45.97,79.59,85.18873948744908,5.59873948744908,2025-10-22 22:02:20
3217a390-6812-4084-a4c4-0c91c5a58713,17,21.74,17.75,41.60732369645804,23.85732369645804,2025-10-22 22:02:21
021b2a95-66da-4926-a05d-5ef95ee90760,12,6.88,29.92,14.87930724354318,15.040692756456822,2025-10-22 22:02:22
8185a8e9-069d-4695-90b8-e6501242b7c0,50,26.93,105.15,50.94234424764432,54.207655752355684,2025-10-22 22:02:23
a6037c39-8c8b-4496-a40e-940172202904,76,2.98,141.52,7.864551916062162,133.65544808393784,2025-10-22 22:02:24
4b1c7d18-e374-49f9-8393-9a891cca7c71,66,40.36,97.46,75.09828374714947,22.361716252850528,2025-10-22 22:02:25
8679a8a8-7fa2-4f21-a982-e51a2f3ce6d2,33,48.58,76.29,89.88322959122485,13.59322959122484,2025-10-22 22:02:26
ae1a8def-a11a-4dc9-bacc-f2c07d0a6e45,40,25.26,145.6,47.93859004331271,97.6614099566873,2025-10-22 22:02:27
1706bbc5-6e6b-4b9e-ac97-dc286a2efd26,86,1.22,110.79,4.698918742634829,106.09108125736518,2025-10-22 22:02:28
0aa81e9a-27b0-4d79-a73a-bf650dc36ca2,21,23.26,143.54,44.34127961896346,99.19872038103654,2025-10-22 22:02:29
2f1f6243-82e2-40e0-bc79-5a152eb65eb2,13,6.51,138.46,14.21380481503857,124.24619518496144,2025-10-22 22:02:30
b79b695d-224c-4cbf-b69c-6fabc575f27f,93,9.99,11.28,20.47312495340625,9.19312495340625,2025-10-22 22:02:31
475a7338-21b7-42ca-981b-8ea413bfe59b,48,14.15,103.79,27.955530636052668,75.83446936394733,2025-10-22 22:02:32
01acc6b4-5252-4b0a-a518-318977e326ea,41,34.5,5.51,64.55816420380619,59.04816420380619,2025-10-22 22:02:33
6be2097b-f89c-4362-82dd-0ff81f4ef6fb,27,31.41,135.88,59.000319598186614,76.87968040181337,2025-10-22 22:02:34
3a6a1511-4265-41a0-8781-f5ac13fb7dfe,69,46.85,9.83,86.77155607416276,76.94155607416276,2025-10-22 22:02:35
286780c4-79e5-4049-8b18-7ae122b3b248,54,24.23,50.18,46.08597517477285,4.094024825227152,2025-10-22 22:02:36
258d2111-8d99-41f4-9c59-570e6e276b1d,45,25.31,69.91,48.02852280392143,21.881477196078563,2025-10-22 22:02:37
d5156626-74d1-4baf-8b0b-eeff6ca98251,63,9.7,80.03,19.951514941875608,60.07848505812439,2025-10-22 22:02:38
05132c72-001e-4efe-b3c6-5ddaeae1fbae,70,35.57,71.73,66.48272528083304,5.247274719166967,2025-10-22 22:02:39
85d17d47-a05a-480a-86ec-fc16d9c7b8e8,4,4.75,118.97,11.048171641611239,107.92182835838877,2025-10-22 22:02:40
c309293d-1da1-4467-ae65-0cd8719e58a2,47,7.99,148.45,16.87581452905701,131.57418547094298,2025-10-22 22:02:41
8e083c7a-797c-49b3-b0e1-d8399e72dbf7,55,10.38,27.25,21.17460048615435,6.07539951384565,2025-10-22 22:02:42
180a8a61-d2c2-40bb-874f-37dbce82e6b9,45,43.89,149.92,81.44753664612588,68.4724633538741,2025-10-22 22:02:43
6388da5e-e191-4ea0-9c4b-59f3d7e9f93f,36,17.89,128.71,34.68250112958575,94.02749887041426,2025-10-22 22:02:44
6b2916a7-7a49-4134-b898-f4e57d6eaa8f,65,27.53,57.82,52.02153737494909,5.7984626250509095,2025-10-22 22:02:45
43000fde-e35a-4350-8970-4ff74f3ea135,25,39.06,122.98,72.76003197132246,50.21996802867754,2025-10-22 22:02:46
073430ed-26a6-49c0-9ea0-d7b09734ec8a,85,35.03,137.93,65.51145146625873,72.41854853374127,2025-10-22 22:02:47
1a53f3cb-31f2-4235-a0c0-dac54c58a063,7,35.13,71.01,65.6913169874762,5.318683012523806,2025-10-22 22:02:48
2a882553-d0cb-4069-83d9-98796747d990,37,27.64,120.2,52.2193894482883,67.9806105517117,2025-10-22 22:02:49
3e6320c4-d253-4c1e-82a3-9580c71cf3e8,51,17.79,101.23,34.50263560836829,66.72736439163171,2025-10-22 22:02:50
7a2c6f11-9b9f-40a2-b5f4-69acf974fba0,40,14.27,34.96,28.17136926151362,6.788630738486379,2025-10-22 22:02:51
f2bc226b-67cb-4571-aa44-306659ef3aaa,32,10.39,123.44,21.1925870382761,102.2474129617239,2025-10-22 22:02:52
839dcc92-72f6-4392-a288-00b476759999,13,43.63,41.31,80.97988629096048,39.66988629096048,2025-10-22 22:02:53
dfbb670d-63f0-426f-a6f5-27160ea3fe2e,40,30.1,134.43,56.64408127023787,77.78591872976213,2025-10-22 22:02:54
c67f87ca-b783-4a12-8957-9d20406ec8f4,7,32.61,33.39,61.15870585279616,27.76870585279616,2025-10-22 22:02:55
fc4cec5e-9a36-44a8-b22c-3eece9642984,82,43.4,55.32,80.56619559216031,25.246195592160312,2025-10-22 22:02:56
0c8cd3c4-5229-44cb-9426-4108d10d1dfb,24,5.27,64.42,11.98347235194204,52.43652764805796,2025-10-22 22:02:57
0154283f-e710-4dc0-8b36-389398cd01fb,87,45.48,74.08,84.30739843348351,10.227398433483515,2025-10-22 22:02:58
8a7ff8c3-859e-4448-bfbe-4f44c094c58e,6,19.37,17.8,37.34451084360419,19.54451084360419,2025-10-22 22:02:59
512ac219-3015-494e-9c3b-67ff424ea782,4,48.42,35.65,89.59544475727691,53.94544475727691,2025-10-22 22:03:00
e172d8a0-3200-464a-ab13-ced4bca71ed0,38,7.34,28.17,15.706688641143504,12.463311358856497,2025-10-22 22:03:01
d95efe98-3686-45d9-b91e-f15bf51d4d30,45,17.59,6.79,34.142904565933364,27.352904565933365,2025-10-22 22:03:02
88bfbe1a-4e4c-4044-ade1-ef35254fd1b1,68,27.62,43.74,52.18341634404481,8.443416344044806,2025-10-22 22:03:03
f4db0d38-accb-4c59-a06b-2949d53395d3,9,34.88,72.09,65.24165318443255,6.848346815567453,2025-10-22 22:03:04
1fa28772-24a9-4725-a329-17c3f246ecf4,67,46.89,128.51,86.84350228264974,41.66649771735025,2025-10-22 22:03:05
71d463bb-ea46-47a9-8b9d-55a403dbc4da,85,14.85,76.9,29.214589284574902,47.68541071542511,2025-10-22 22:03:06
b24d43e0-02c3-4730-aedc-74eb1bad7774,45,42.96,36.34,79.77478729880349,43.434787298803485,2025-10-22 22:03:07
be2e059b-230c-4f63-811b-2029045f132c,1,49.79,82.01,92.05960239795614,10.049602397956136,2025-10-22 22:03:08
7199d079-7c1b-4c71-a565-4628de593106,68,35.59,15.59,66.51869838507653,50.92869838507653,2025-10-22 22:03:09
68adfd89-5310-4ab2-b933-59e6b6d725b2,72,12.21,93.67,24.466139524433906,69.2038604755661,2025-10-22 22:03:10
b2cf201a-a5eb-4dfe-b80e-93ca631c3562,35,7.61,62.28,16.192325548430652,46.08767445156935,2025-10-22 22:03:11
53144ad1-c622-4d08-b8fe-4a2bf7f41d0b,63,20.06,121.57,38.58558294000468,82.98441705999531,2025-10-22 22:03:12
cf1878bb-a0b5-4ea7-afbd-cb0c5f386445,12,46.64,51.65,86.39383847960609,34.74383847960609,2025-10-22 22:03:13
94d8d5eb-2e8b-4d60-926a-705da7335258,8,16.66,92.91,32.47015521861097,60.43984478138903,2025-10-22 22:03:14
acbb0d10-efad-4322-a02f-ef5e3ab221e6,40,22.19,67.53,42.41671854193662,25.113281458063383,2025-10-22 22:03:15
78e28cef-251b-43a5-a816-1e094269f015,59,4.12,84.47,9.915018857941229,74.55498114205876,2025-10-22 22:03:16
9dfea972-814c-4b60-9c5f-bbaa8822f27b,94,2.31,64.97,6.659452923905166,58.310547076094835,2025-10-22 22:03:17
d0a58fbb-d630-4639-aff2-fb098c1dd69c,33,42.75,142.61,79.3970697042468,63.21293029575321,2025-10-22 22:03:18
a7c2777a-caa5-4eba-997e-f8503bd698ce,100,11.86,90.05,23.83661020017279,66.21338979982721,2025-10-22 22:03:19
e53a092b-0440-4cb1-9cbf-83deea324b58,93,17.33,73.08,33.67525421076796,39.40474578923204,2025-10-22 22:03:20
ddebe281-5d94-4a99-9bf0-4ef02877126b,8,34.91,99.4,65.29561284079777,34.10438715920223,2025-10-22 22:03:21
7f35f91e-8a5d-422a-b201-589d9694d224,59,23.93,34.63,45.54637861112046,10.916378611120457,2025-10-22 22:03:22
a69f8362-0df8-4120-98ef-d7bdbe8f2de0,34,16.02,100.28,31.31901588281921,68.9609841171808,2025-10-22 22:03:23
c171001f-eb3c-4184-b7d6-493cd15edac5,10,21.87,109.83,41.84114887404074,67.98885112595926,2025-10-22 22:03:24
1e17063a-0908-48a6-8ad6-9763c3679728,28,9.33,51.43,19.286012513371,32.143987486629,2025-10-22 22:03:25
7487f676-9e8f-4691-b6bd-0a661a7a2549,11,38.44,72.67,71.64486573977419,1.025134260225812,2025-10-22 22:03:26
cce67352-5794-4d63-9a46-57b5101d637f,79,14.28,46.82,28.18935581363537,18.63064418636463,2025-10-22 22:03:27
2459105f-2aaf-4be6-a78f-e67fc645fe54,49,42.86,147.84,79.59492177758602,68.24507822241398,2025-10-22 22:03:28
bb61f006-4df8-4ea7-8758-42f2265fedcc,29,16.67,17.67,32.48814177073272,14.818141770732716,2025-10-22 22:03:29
3c06e1f3-239d-4e89-a189-fd5721e7cf6a,13,42.52,17.27,78.98337900544665,61.713379005446654,2025-10-22 22:03:30
aab397b8-66a0-40f5-b677-099e34e505df,15,11.67,31.67,23.49486570985961,8.175134290140392,2025-10-22 22:03:31
f3476f8e-e810-491d-b39c-359145524a24,32,2.76,121.92,7.4688477693837445,114.45115223061626,2025-10-22 22:03:32
e5175ce1-318a-44cc-b493-ec2e951e6f90,9,32.55,61.29,61.05078654006568,0.23921345993431942,2025-10-22 22:03:33
4f7a3e3b-1d4d-4f65-b25d-79cca4d60db2,30,29.08,123.04,54.80945295381975,68.23054704618025,2025-10-22 22:03:34
fbd5c92a-7079-4678-9e6c-ddfc49ebfcd9,25,18.87,95.52,36.44518323751688,59.07481676248312,2025-10-22 22:03:35
eb9da9b5-8bd7-4893-9f1a-b4f37e17d75a,92,15.21,29.02,29.862105160957768,0.8421051609577681,2025-10-22 22:03:36
a078371d-489f-4ea1-b82c-798dc404800e,5,20.13,56.3,38.7114888048569,17.5885111951431,2025-10-22 22:03:37
0d25f5ac-d252-48fd-b03d-b473c1a78cf4,67,44.3,79.37,82.18498528311747,2.8149852831174655,2025-10-22 22:03:38
ac0420b7-d7f6-455a-8737-08da399edeee,79,30.3,127.57,57.00381231267279,70.5661876873272,2025-10-22 22:03:39
df31bf57-cbec-450c-b7c8-13a0b8e79af3,9,42.7,45.04,79.30713694363808,34.267136943638086,2025-10-22 22:03:40
510a9ffe-0a1e-463f-a4a3-7a4ef2e58b25,44,43.9,59.02,81.46552319824762,22.44552319824762,2025-10-22 22:03:41
63e6e18e-9715-4056-b29f-4d106bcb9f7a,62,16.18,100.05,31.606800716767147,68.44319928323284,2025-10-22 22:03:42
8780352f-abf7-4cb5-a547-1236132b7c22,23,41.77,80.83,77.63438759631569,3.195612403684308,2025-10-22 22:03:43
8280028d-6732-4b5e-bd30-81ce76ae91f9,34,12.77,31.32,25.47338644325169,5.846613556748309,2025-10-22 22:03:44
47f36b5f-82f8-4cc0-ae4b-a0bb12b2da84,83,33.47,69.98,62.70554933526633,7.274450664733671,2025-10-22 22:03:45
97c07996-215d-4bb9-bd30-033bca98b338,73,45.33,65.79,84.03760015165733,18.247600151657323,2025-10-22 22:03:46
0db89ecf-346c-4d10-a749-5d972c585905,75,18.67,139.0,36.085452195081956,102.91454780491804,2025-10-22 22:03:47
18c7c70c-8181-42e4-91d9-b3863109a81d,99,45.12,149.31,83.65988255710066,65.65011744289934,2025-10-22 22:03:48
2f79e5c6-e7bd-4bda-9163-918dd185cc09,67,24.59,112.83,46.73349105115571,66.09650894884429,2025-10-22 22:03:49
c44a2325-4b33-431d-ae25-4cd5eaeba486,9,17.67,88.86,34.28679698290733,54.573203017092666,2025-10-22 22:03:50
9145262d-457f-403d-8353-73c2250a5236,29,38.7,95.52,72.11251609493961,23.40748390506039,2025-10-22 22:03:51
6ad2610b-0ced-4926-8973-24c4342a2b84,69,46.02,41.66,85.27867224805783,43.618672248057834,2025-10-22 22:03:52
554fe196-7519-4c6e-ba47-93557c746435,56,42.14,69.15,78.29989002482029,9.14989002482028,2025-10-22 22:03:53
d2aaea69-6178-47c1-824e-efbd615712b8,40,9.95,34.09,20.401178744919264,13.68882125508074,2025-10-22 22:03:54
914f12f6-b26c-4500-b426-3f47c81c5b48,96,11.37,59.87,22.955269146207222,36.914730853792776,2025-10-22 22:03:55
d86d4fc4-5d52-4c48-b64a-656c311e861d,81,46.26,73.27,85.71034949897972,12.440349498979728,2025-10-22 22:03:56
f950ddfa-4760-4a28-b9b4-61f0051dc4f3,57,13.24,101.34,26.318754392973766,75.02124560702623,2025-10-22 22:03:57
5fb7a605-46ff-4836-bb68-4c0320561be8,76,15.79,91.72,30.905325184019045,60.81467481598095,2025-10-22 22:03:58
7892d3db-f167-4cd8-9f53-5ca6d163a342,72,44.84,123.81,83.15625909769177,40.65374090230823,2025-10-22 22:03:59
9360cd4c-8461-4112-8769-f1d7c3ff1a70,34,47.29,108.78,87.56296436751958,21.217035632480417,2025-10-22 22:04:00
211b32d3-eebf-4b3c-9b37-7a6bce48959e,97,41.97,102.87,77.9941186387506,24.875881361249398,2025-10-22 22:04:01
16c873cb-5e73-4adf-896e-a02702552673,15,27.0,72.5,51.06825011249654,21.431749887503457,2025-10-22 22:04:02
74d7b792-3460-48a9-936a-da6d64255127,91,14.59,49.05,28.746938929409502,20.303061070590495,2025-10-22 22:04:03
5d6ec177-230a-4434-b5f2-cf72fa766985,81,11.37,86.55,22.955269146207222,63.594730853792775,2025-10-22 22:04:04
506ce0a4-989e-41c9-83f1-5899a93b8f81,62,4.71,48.88,10.976225433124254,37.90377456687575,2025-10-22 22:04:05
9f9340da-49a4-4ed3-b404-639815a035b8,19,36.27,111.98,67.74178392935528,44.238216070644725,2025-10-22 22:04:06
